NOSE,LEFT_EYE_INNER,LEFT_EYE,LEFT_EYE_OUTER,RIGHT_EYE_INNER,RIGHT_EYE,RIGHT_EYE_OUTER,LEFT_EAR,RIGHT_EAR,MOUTH_LEFT,MOUTH_RIGHT,LEFT_SHOULDER,RIGHT_SHOULDER,LEFT_ELBOW,RIGHT_ELBOW,LEFT_WRIST,RIGHT_WRIST,LEFT_PINKY,RIGHT_PINKY,LEFT_INDEX,RIGHT_INDEX,LEFT_THUMB,RIGHT_THUMB,LEFT_HIP,RIGHT_HIP,LEFT_KNEE,RIGHT_KNEE,LEFT_ANKLE,RIGHT_ANKLE,LEFT_HEEL,RIGHT_HEEL,LEFT_FOOT_INDEX,RIGHT_FOOT_INDEX
"[0.5170493721961975, 0.2611454427242279, -0.17149722576141357]","[0.5212451815605164, 0.25042209029197693, -0.15869374573230743]","[0.5240850448608398, 0.25094202160835266, -0.15867319703102112]","[0.526772141456604, 0.2517159879207611, -0.15864738821983337]","[0.5132590532302856, 0.2496374398469925, -0.15562598407268524]","[0.5106669068336487, 0.24959594011306763, -0.15561236441135406]","[0.5081796646118164, 0.24983415007591248, -0.15555396676063538]","[0.5303910374641418, 0.2603279948234558, -0.08692976087331772]","[0.5051451325416565, 0.2584904134273529, -0.07172980159521103]","[0.5224258303642273, 0.2760019302368164, -0.14632056653499603]","[0.5116860270500183, 0.27447327971458435, -0.14178067445755005]","[0.5462907552719116, 0.3371804356575012, -0.08990216255187988]","[0.48479145765304565, 0.32870495319366455, -0.073818139731884]","[0.5587491393089294, 0.3221135139465332, -0.2782071530818939]","[0.4624146819114685, 0.30142346024513245, -0.252928763628006]","[0.5736991167068481, 0.274440735578537, -0.45872753858566284]","[0.4551633894443512, 0.24468453228473663, -0.427374929189682]","[0.5858294367790222, 0.26121678948402405, -0.5000381469726562]","[0.4483996331691742, 0.22797685861587524, -0.4689858555793762]","[0.5807679891586304, 0.2593885064125061, -0.5010685324668884]","[0.4527653753757477, 0.22753985226154327, -0.4634758532047272]","[0.5745509266853333, 0.2655600607395172, -0.46692830324172974]","[0.45599299669265747, 0.23468941450119019, -0.43339282274246216]","[0.5229744911193848, 0.5404342412948608, 0.00037863210309296846]","[0.48292413353919983, 0.5314159393310547, -0.0005192641401663423]","[0.5246028900146484, 0.6660259366035461, 0.035359710454940796]","[0.46548399329185486, 0.6481767296791077, 0.04573255404829979]","[0.5178482532501221, 0.7762206792831421, 0.17440639436244965]","[0.46100735664367676, 0.7642648220062256, 0.18798242509365082]","[0.5127866864204407, 0.7861359715461731, 0.18287837505340576]","[0.46378475427627563, 0.7762647867202759, 0.1973472237586975]","[0.5217761993408203, 0.8267831802368164, 0.09370194375514984]","[0.45107394456863403, 0.816633939743042, 0.11568479239940643]"
"[0.5166043639183044, 0.262058287858963, -0.16608034074306488]","[0.5210093855857849, 0.25115615129470825, -0.15429988503456116]","[0.5239043831825256, 0.25160345435142517, -0.15428414940834045]","[0.5266039967536926, 0.2522236406803131, -0.15426483750343323]","[0.5127714276313782, 0.25082099437713623, -0.15166959166526794]","[0.5101547241210938, 0.25089603662490845, -0.1516450196504593]","[0.5076529383659363, 0.2512558400630951, -0.1515914499759674]","[0.5303041934967041, 0.26029807329177856, -0.0841684490442276]","[0.5051261186599731, 0.2586832642555237, -0.07054859399795532]","[0.522405743598938, 0.276577353477478, -0.14097611606121063]","[0.5115984082221985, 0.2752794325351715, -0.13700439035892487]","[0.5462775230407715, 0.33698520064353943, -0.08682416379451752]","[0.48526397347450256, 0.32854095101356506, -0.07393419742584229]","[0.5597866177558899, 0.3187035322189331, -0.280939519405365]","[0.463752418756485, 0.30232396721839905, -0.2596299648284912]","[0.5736832618713379, 0.27434566617012024, -0.4618557393550873]","[0.4560604691505432, 0.2448989301919937, -0.4369887411594391]","[0.5849504470825195, 0.2605172097682953, -0.5029433965682983]","[0.44885164499282837, 0.22798892855644226, -0.47881364822387695]","[0.5797390937805176, 0.25926172733306885, -0.5020490884780884]","[0.452781617641449, 0.2274734079837799, -0.4732290208339691]","[0.5726001858711243, 0.26567286252975464, -0.4690459668636322]","[0.4560776650905609, 0.23461903631687164, -0.44285064935684204]","[0.5229777693748474, 0.5384443402290344, 0.0004117643984500319]","[0.48318585753440857, 0.5290966629981995, -0.0005571797373704612]","[0.522933840751648, 0.666707456111908, 0.02718164026737213]","[0.4654533267021179, 0.6496575474739075, 0.027121420949697495]","[0.517797589302063, 0.7761749029159546, 0.16488203406333923]","[0.4606720507144928, 0.7643706202507019, 0.16326095163822174]","[0.5128034353256226, 0.7855778336524963, 0.1731497347354889]","[0.46378517150878906, 0.7763203978538513, 0.17200928926467896]","[0.5210117101669312, 0.8267652988433838, 0.08642220497131348]","[0.4510610103607178, 0.816625714302063, 0.09212056547403336]"
"[0.5163777470588684, 0.2625523805618286, -0.165582075715065]","[0.5209109783172607, 0.251518189907074, -0.15372589230537415]","[0.5238308906555176, 0.25192496180534363, -0.15371182560920715]","[0.5265309810638428, 0.2524596154689789, -0.1536955088376999]","[0.5125049352645874, 0.25140923261642456, -0.15134672820568085]","[0.509857714176178, 0.2515465319156647, -0.15132009983062744]","[0.5073481798171997, 0.25195983052253723, -0.15126660466194153]","[0.5302563309669495, 0.2602151334285736, -0.08299737423658371]","[0.5051111578941345, 0.25871890783309937, -0.07054699957370758]","[0.5223986506462097, 0.2768767774105072, -0.14013032615184784]","[0.5115351676940918, 0.2757215201854706, -0.1365494579076767]","[0.5462599992752075, 0.33672860264778137, -0.08610405772924423]","[0.48537659645080566, 0.32832255959510803, -0.07556051015853882]","[0.5603109002113342, 0.3162042200565338, -0.28525301814079285]","[0.46417513489723206, 0.30228108167648315, -0.2686989903450012]","[0.5731592774391174, 0.2742064297199249, -0.4684417247772217]","[0.4564083218574524, 0.2448437511920929, -0.4489772915840149]","[0.5835623741149902, 0.2600446045398712, -0.5103499889373779]","[0.4490480422973633, 0.22783641517162323, -0.4915538728237152]","[0.5782817602157593, 0.2590872049331665, -0.5081935524940491]","[0.4527786374092102, 0.22697407007217407, -0.4858018755912781]","[0.570754885673523, 0.2656837999820709, -0.4752391278743744]","[0.45608124136924744, 0.2340497076511383, -0.45490068197250366]","[0.5229833126068115, 0.5372909307479858, 0.0005443452391773462]","[0.48338207602500916, 0.5280009508132935, -0.0006983021157793701]","[0.5221988558769226, 0.66745924949646, 0.02684255875647068]","[0.46541357040405273, 0.6503902673721313, 0.02259817346930504]","[0.5177674293518066, 0.7761364579200745, 0.16528190672397614]","[0.4605123996734619, 0.7643852829933167, 0.16134828329086304]","[0.5128194689750671, 0.7850733995437622, 0.1745632439851761]","[0.4637855887413025, 0.7763242721557617, 0.17034070193767548]","[0.5207875370979309, 0.826692521572113, 0.08991784602403641]","[0.45107412338256836, 0.8166245222091675, 0.08936528861522675]"
"[0.5162250399589539, 0.26292896270751953, -0.164505273103714]","[0.520817220211029, 0.25180697441101074, -0.1525684893131256]","[0.5237456560134888, 0.25219786167144775, -0.15255460143089294]","[0.5264512896537781, 0.25268784165382385, -0.15253916382789612]","[0.512333333492279, 0.2517980933189392, -0.15030081570148468]","[0.509674072265625, 0.2519705593585968, -0.15027295053005219]","[0.5071671009063721, 0.2524087429046631, -0.15021926164627075]","[0.5302129983901978, 0.26017066836357117, -0.08165157586336136]","[0.5050996541976929, 0.25875014066696167, -0.06996648013591766]","[0.5223863124847412, 0.2771238386631012, -0.1389428675174713]","[0.5114928483963013, 0.2760222256183624, -0.135501891374588]","[0.5462597012519836, 0.3366154432296753, -0.08432704210281372]","[0.4854561686515808, 0.3282060921192169, -0.07550990581512451]","[0.5606258511543274, 0.3149709701538086, -0.2851617634296417]","[0.4643051028251648, 0.30254927277565, -0.2657702565193176]","[0.5728417634963989, 0.27411437034606934, -0.46671637892723083]","[0.4565529227256775, 0.24480433762073517, -0.4435911774635315]","[0.5829944014549255, 0.25959888100624084, -0.5080803632736206]","[0.4492102563381195, 0.22765597701072693, -0.4857235550880432]","[0.57765132188797, 0.258747398853302, -0.5041341185569763]","[0.45278477668762207, 0.226499542593956, -0.4799478054046631]","[0.5699690580368042, 0.2656555473804474, -0.4724656045436859]","[0.4560914933681488, 0.23352819681167603, -0.4494476318359375]","[0.5230047702789307, 0.5367829203605652, 0.0006603779038414359]","[0.4835158884525299, 0.527519166469574, -0.0008205490885302424]","[0.5218867063522339, 0.6681226491928101, 0.026283105835318565]","[0.46539244055747986, 0.6508888602256775, 0.02196536585688591]","[0.5177208185195923, 0.7760786414146423, 0.16900897026062012]","[0.46041837334632874, 0.764385998249054, 0.16214309632778168]","[0.5128198862075806, 0.7845549583435059, 0.179124116897583]","[0.46378621459007263, 0.7763248085975647, 0.17133083939552307]","[0.5207363963127136, 0.826677680015564, 0.095538429915905]","[0.45110446214675903, 0.8166230320930481, 0.09048765897750854]"
"[0.5160827040672302, 0.26314473152160645, -0.1636378914117813]","[0.5207165479660034, 0.25198301672935486, -0.15169741213321686]","[0.5236508846282959, 0.2523755133152008, -0.15168321132659912]","[0.5263677835464478, 0.25285738706588745, -0.15166854858398438]","[0.5121767520904541, 0.2520083785057068, -0.14942879974842072]","[0.5095075368881226, 0.2521970570087433, -0.1494005024433136]","[0.507012665271759, 0.25263968110084534, -0.1493465155363083]","[0.530166506767273, 0.2601315677165985, -0.08070377260446548]","[0.5050851106643677, 0.25875794887542725, -0.06924841552972794]","[0.5223649740219116, 0.27727144956588745, -0.13805809617042542]","[0.5114436745643616, 0.27618175745010376, -0.1346304714679718]","[0.5462578535079956, 0.3365868926048279, -0.08317507803440094]","[0.4855267107486725, 0.3281133770942688, -0.07538246363401413]","[0.5607456564903259, 0.3146986961364746, -0.28447791934013367]","[0.4645015299320221, 0.3026551902294159, -0.2643181085586548]","[0.5727065801620483, 0.27411291003227234, -0.4660588204860687]","[0.4566793441772461, 0.24474966526031494, -0.44159507751464844]","[0.582757830619812, 0.259389191865921, -0.5073655843734741]","[0.4493803083896637, 0.22750918567180634, -0.4835156500339508]","[0.5775142908096313, 0.25844764709472656, -0.5028964281082153]","[0.45280876755714417, 0.22615402936935425, -0.4777124524116516]","[0.5698512196540833, 0.26560652256011963, -0.47139972448349]","[0.4561113715171814, 0.2331346869468689, -0.44740620255470276]","[0.523017942905426, 0.5365416407585144, 0.0007461003842763603]","[0.48360729217529297, 0.5273220539093018, -0.0009105224162340164]","[0.5216557383537292, 0.6687371730804443, 0.025970494374632835]","[0.4653760492801666, 0.6512390971183777, 0.020066268742084503]","[0.5176743268966675, 0.7760164737701416, 0.1715908944606781]","[0.46036243438720703, 0.7644080519676208, 0.15891608595848083]","[0.5128163695335388, 0.7841498255729675, 0.18192383646965027]","[0.4637880325317383, 0.7763571739196777, 0.1680137664079666]","[0.520709753036499, 0.826659083366394, 0.0984891727566719]","[0.45114320516586304, 0.8166179060935974, 0.08735228329896927]"
"[0.5159302949905396, 0.26326784491539, -0.16358469426631927]","[0.5206108689308167, 0.252096027135849, -0.1516352742910385]","[0.5235523581504822, 0.25250372290611267, -0.15162071585655212]","[0.5262848734855652, 0.25300219655036926, -0.15160581469535828]","[0.5120131969451904, 0.25210922956466675, -0.1492929905653]","[0.5093330144882202, 0.2522978186607361, -0.14926418662071228]","[0.5068620443344116, 0.2527284622192383, -0.14920924603939056]","[0.5301243662834167, 0.2601138651371002, -0.08056841790676117]","[0.5050677061080933, 0.2587537467479706, -0.06894221901893616]","[0.5223241448402405, 0.2773663103580475, -0.1380327045917511]","[0.5113611221313477, 0.2762598395347595, -0.13452363014221191]","[0.5462465286254883, 0.33657902479171753, -0.08324277400970459]","[0.4855561852455139, 0.3279728591442108, -0.07534294575452805]","[0.5607248544692993, 0.3149130642414093, -0.2841487228870392]","[0.464660108089447, 0.3026861250400543, -0.26497358083724976]","[0.572615385055542, 0.2742697298526764, -0.4673103392124176]","[0.4568327069282532, 0.24474073946475983, -0.4444662034511566]","[0.5826529264450073, 0.2593787610530853, -0.5092320442199707]","[0.4495317339897156, 0.22747154533863068, -0.4865638315677643]","[0.5775363445281982, 0.25826719403266907, -0.5065875053405762]","[0.4528355598449707, 0.22600576281547546, -0.48099207878112793]","[0.5699450969696045, 0.2655698359012604, -0.47373995184898376]","[0.4561389982700348, 0.23296892642974854, -0.4504165053367615]","[0.5230218172073364, 0.5364062786102295, 0.0008549376507289708]","[0.4836410880088806, 0.5272213220596313, -0.00102220568805933]","[0.5214799046516418, 0.669120728969574, 0.026020383462309837]","[0.465373694896698, 0.6514818668365479, 0.018914412707090378]","[0.5176283121109009, 0.7759370803833008, 0.1736283004283905]","[0.4603244662284851, 0.7644581198692322, 0.157307431101799]","[0.5128094553947449, 0.7838217616081238, 0.1838918924331665]","[0.4637887477874756, 0.7764378190040588, 0.1663733720779419]","[0.5207064747810364, 0.8266465663909912, 0.1001790389418602]","[0.45121049880981445, 0.8166132569313049, 0.0856894701719284]"
"[0.5159308910369873, 0.2633245587348938, -0.16781947016716003]","[0.5206043720245361, 0.2521948516368866, -0.15554487705230713]","[0.5235455632209778, 0.25262153148651123, -0.15553244948387146]","[0.5262738466262817, 0.2531206011772156, -0.1555177867412567]","[0.5119861364364624, 0.25215235352516174, -0.15393385291099548]","[0.5092860460281372, 0.2523292899131775, -0.15390083193778992]","[0.506807267665863, 0.25274014472961426, -0.15383732318878174]","[0.5300119519233704, 0.2600826919078827, -0.08247099071741104]","[0.5049170255661011, 0.2587238848209381, -0.0741155669093132]","[0.5223152041435242, 0.27743417024612427, -0.14160019159317017]","[0.5113288164138794, 0.27628499269485474, -0.13915136456489563]","[0.5459803938865662, 0.3364926278591156, -0.08552034199237823]","[0.48554983735084534, 0.3279041647911072, -0.08203806728124619]","[0.5606775283813477, 0.31498077511787415, -0.29650965332984924]","[0.46465030312538147, 0.3039703965187073, -0.28282779455184937]","[0.5732290148735046, 0.2741245925426483, -0.4922031760215759]","[0.45682406425476074, 0.24536946415901184, -0.4726869463920593]","[0.5834814310073853, 0.25834301114082336, -0.5365884304046631]","[0.4492558538913727, 0.22769199311733246, -0.516405463218689]","[0.5790264010429382, 0.2571130096912384, -0.5353703498840332]","[0.45256632566452026, 0.22628818452358246, -0.5115459561347961]","[0.5735530853271484, 0.263934850692749, -0.5000243186950684]","[0.45609912276268005, 0.23366285860538483, -0.4793146550655365]","[0.5227842926979065, 0.5359904170036316, 0.0012142640771344304]","[0.48354142904281616, 0.526988685131073, -0.001382374088279903]","[0.5216256380081177, 0.6673121452331543, 0.031052004545927048]","[0.46538299322128296, 0.6514736413955688, 0.02010897733271122]","[0.5176870226860046, 0.7756184935569763, 0.17235592007637024]","[0.46032842993736267, 0.7645010948181152, 0.14619043469429016]","[0.5128435492515564, 0.7834294438362122, 0.18118780851364136]","[0.46385517716407776, 0.7765263915061951, 0.15367713570594788]","[0.5206992626190186, 0.8259305357933044, 0.09456601738929749]","[0.4513654112815857, 0.8164377212524414, 0.07042008638381958]"
"[0.5159308910369873, 0.26628464460372925, -0.17012262344360352]","[0.5205937623977661, 0.25511443614959717, -0.15754926204681396]","[0.5235413312911987, 0.2557220160961151, -0.15753528475761414]","[0.526262640953064, 0.2564147710800171, -0.15752020478248596]","[0.5119129419326782, 0.25429463386535645, -0.15643742680549622]","[0.5091778039932251, 0.2544180452823639, -0.15640273690223694]","[0.5066794157028198, 0.2547156512737274, -0.1563303917646408]","[0.5298840999603271, 0.2623477578163147, -0.08327846229076385]","[0.5045562386512756, 0.2605777978897095, -0.07757274806499481]","[0.5222166776657104, 0.2806345522403717, -0.14357060194015503]","[0.5112459659576416, 0.2787540555000305, -0.1418948769569397]","[0.5456071496009827, 0.33791881799697876, -0.08724011480808258]","[0.485215961933136, 0.3296975791454315, -0.08702702820301056]","[0.5601890683174133, 0.31922972202301025, -0.2984399199485779]","[0.4647040367126465, 0.30650854110717773, -0.2924542725086212]","[0.5740699768066406, 0.27599963545799255, -0.4949300289154053]","[0.4568864703178406, 0.24826499819755554, -0.48640647530555725]","[0.5859376192092896, 0.2586308717727661, -0.5401431322097778]","[0.44918981194496155, 0.22985880076885223, -0.5312404036521912]","[0.5818800926208496, 0.25721263885498047, -0.5396819114685059]","[0.4524877965450287, 0.2280377298593521, -0.5269016623497009]","[0.5751972198486328, 0.26454150676727295, -0.5033387541770935]","[0.4560997486114502, 0.2354322075843811, -0.4936376214027405]","[0.5223602056503296, 0.5360265374183655, 0.001389217795804143]","[0.4831700325012207, 0.5271547436714172, -0.0015525122871622443]","[0.5232760310173035, 0.66535484790802, 0.030925508588552475]","[0.4655590057373047, 0.651069700717926, 0.016719231382012367]","[0.5177539587020874, 0.7734758853912354, 0.16664624214172363]","[0.4604427218437195, 0.7645622491836548, 0.14444661140441895]","[0.5128770470619202, 0.7809519171714783, 0.17463523149490356]","[0.463907390832901, 0.7765926718711853, 0.15231305360794067]","[0.5207497477531433, 0.824429988861084, 0.08743497729301453]","[0.4517054557800293, 0.8160695433616638, 0.06988836824893951]"
"[0.5153638124465942, 0.26980626583099365, -0.1729590892791748]","[0.5199861526489258, 0.25853633880615234, -0.16055263578891754]","[0.5230126976966858, 0.2589830756187439, -0.16053801774978638]","[0.52581387758255, 0.25961893796920776, -0.16051386296749115]","[0.5111104846000671, 0.2580627202987671, -0.15861058235168457]","[0.5084466338157654, 0.25814616680145264, -0.15857526659965515]","[0.5060015916824341, 0.2583022117614746, -0.15849949419498444]","[0.5295906066894531, 0.26544710993766785, -0.08807311952114105]","[0.5040217638015747, 0.26403459906578064, -0.07837377488613129]","[0.5215030908584595, 0.2841856777667999, -0.14723150432109833]","[0.5105462074279785, 0.2825644612312317, -0.14429901540279388]","[0.5453184247016907, 0.3405711352825165, -0.08972079306840897]","[0.48491325974464417, 0.33701005578041077, -0.0861644372344017]","[0.5593405961990356, 0.32217565178871155, -0.2967272400856018]","[0.46532678604125977, 0.31789395213127136, -0.2830539643764496]","[0.5744352340698242, 0.2765949070453644, -0.4902864992618561]","[0.457026869058609, 0.2514575719833374, -0.4695562422275543]","[0.5882856845855713, 0.2593168318271637, -0.5343932509422302]","[0.44917526841163635, 0.23252122104167938, -0.5132913589477539]","[0.5838877558708191, 0.2577308416366577, -0.5335661768913269]","[0.45245638489723206, 0.23041202127933502, -0.5086308717727661]","[0.5756389498710632, 0.26521581411361694, -0.49843162298202515]","[0.4561806619167328, 0.23808926343917847, -0.4762740731239319]","[0.5216902494430542, 0.5372627973556519, 0.0014342203503474593]","[0.48282915353775024, 0.5284707546234131, -0.001593016437254846]","[0.5241171717643738, 0.6653856039047241, 0.03317771479487419]","[0.465674489736557, 0.6510466933250427, 0.01368056982755661]","[0.5178489685058594, 0.7715759873390198, 0.17067399621009827]","[0.4605311453342438, 0.7645637392997742, 0.14280101656913757]","[0.5129386782646179, 0.7785739302635193, 0.17887791991233826]","[0.4639085829257965, 0.7765944600105286, 0.15091636776924133]","[0.5209947228431702, 0.8230211138725281, 0.09173987060785294]","[0.45226821303367615, 0.8158137798309326, 0.06692786514759064]"
"[0.5143993496894836, 0.27795788645744324, -0.17964312434196472]","[0.5190286636352539, 0.26652461290359497, -0.16648493707180023]","[0.5221883058547974, 0.26678818464279175, -0.16646604239940643]","[0.5251346826553345, 0.2672000527381897, -0.1664448082447052]","[0.5100225210189819, 0.26588889956474304, -0.1646859496831894]","[0.50746089220047, 0.26587679982185364, -0.1646522879600525]","[0.5051394104957581, 0.26612430810928345, -0.16457805037498474]","[0.5291570425033569, 0.2730850875377655, -0.09175629168748856]","[0.5032811760902405, 0.27211031317710876, -0.08290456235408783]","[0.5206575393676758, 0.29250678420066833, -0.15326973795890808]","[0.5097002387046814, 0.29091817140579224, -0.15056665241718292]","[0.5446265935897827, 0.3480948805809021, -0.09228777885437012]","[0.484210729598999, 0.3439548909664154, -0.09175588190555573]","[0.5576879382133484, 0.3292432129383087, -0.29932624101638794]","[0.4647182822227478, 0.3197996914386749, -0.29121798276901245]","[0.5745046734809875, 0.2794046998023987, -0.49643009901046753]","[0.45597895979881287, 0.25861984491348267, -0.4769160747528076]","[0.5894972681999207, 0.26237618923187256, -0.5415288209915161]","[0.44762077927589417, 0.2389323115348816, -0.5214873552322388]","[0.5849863290786743, 0.2592301070690155, -0.5411182045936584]","[0.4515654444694519, 0.2367887943983078, -0.5155066251754761]","[0.5758565664291382, 0.266500324010849, -0.5050166845321655]","[0.4555487036705017, 0.245768204331398, -0.48324745893478394]","[0.5216045379638672, 0.5434401631355286, 0.0026077483780682087]","[0.48259276151657104, 0.535434365272522, -0.0027597579173743725]","[0.5251387357711792, 0.6682978868484497, 0.0392538383603096]","[0.4657430648803711, 0.6530956029891968, 0.03100772760808468]","[0.5179092288017273, 0.7700628638267517, 0.1975756287574768]","[0.46081551909446716, 0.7642247676849365, 0.18782056868076324]","[0.5129892826080322, 0.7764092087745667, 0.2084028422832489]","[0.4641261696815491, 0.7759773135185242, 0.19918283820152283]","[0.5213052034378052, 0.8218467831611633, 0.12307790666818619]","[0.45310941338539124, 0.8154650330543518, 0.11756322532892227]"
"[0.5138769149780273, 0.2884024679660797, -0.17797213792800903]","[0.5187217593193054, 0.27712342143058777, -0.16570620238780975]","[0.5219064950942993, 0.2774611711502075, -0.16568461060523987]","[0.5248816609382629, 0.27784404158592224, -0.16567477583885193]","[0.5094578862190247, 0.27657604217529297, -0.16425639390945435]","[0.5067665576934814, 0.2764613628387451, -0.16421528160572052]","[0.5045322179794312, 0.2764931321144104, -0.16413472592830658]","[0.5288636088371277, 0.28327473998069763, -0.0915374904870987]","[0.5027169585227966, 0.2814996540546417, -0.08115555346012115]","[0.5200904607772827, 0.3039824068546295, -0.15162399411201477]","[0.5088708996772766, 0.3030529320240021, -0.14892861247062683]","[0.5439139008522034, 0.3585050702095032, -0.08959825336933136]","[0.4839355945587158, 0.35288506746292114, -0.08531149476766586]","[0.5570951700210571, 0.33402571082115173, -0.2711969017982483]","[0.46369117498397827, 0.32379230856895447, -0.2580428421497345]","[0.5760273337364197, 0.2819640040397644, -0.44934725761413574]","[0.4532853960990906, 0.26123616099357605, -0.42023134231567383]","[0.591467022895813, 0.26282942295074463, -0.48959213495254517]","[0.44458770751953125, 0.2425616979598999, -0.4604460597038269]","[0.5872840285301208, 0.25952795147895813, -0.4907380938529968]","[0.44774752855300903, 0.2409435510635376, -0.4543580412864685]","[0.5799806118011475, 0.2677212655544281, -0.45762187242507935]","[0.4518861174583435, 0.24934177100658417, -0.4257015585899353]","[0.5211048722267151, 0.5525469779968262, 0.0026504197157919407]","[0.4818897247314453, 0.5443429350852966, -0.002796894870698452]","[0.5264102220535278, 0.6710528135299683, 0.03172006085515022]","[0.4657494127750397, 0.6566998958587646, 0.04352299124002457]","[0.5179410576820374, 0.7691268920898438, 0.19317087531089783]","[0.46093884110450745, 0.7635980248451233, 0.21094918251037598]","[0.5130649209022522, 0.7748971581459045, 0.20479878783226013]","[0.4642551839351654, 0.7745674848556519, 0.22362668812274933]","[0.5215043425559998, 0.8208646774291992, 0.12065336853265762]","[0.4536953866481781, 0.8151314854621887, 0.14474961161613464]"
"[0.513521134853363, 0.30185967683792114, -0.1778579205274582]","[0.5184810757637024, 0.29027870297431946, -0.16485467553138733]","[0.5216277837753296, 0.2905372679233551, -0.16483920812606812]","[0.5246051549911499, 0.2910976707935333, -0.16482657194137573]","[0.5090067386627197, 0.2891356348991394, -0.16382059454917908]","[0.5062376260757446, 0.2889178991317749, -0.1637917011976242]","[0.5038882493972778, 0.2889847457408905, -0.16372038424015045]","[0.5284281969070435, 0.29606112837791443, -0.09063009917736053]","[0.501670241355896, 0.29366615414619446, -0.08378788083791733]","[0.5194144248962402, 0.3185703158378601, -0.15126948058605194]","[0.5082172155380249, 0.3169029951095581, -0.14952948689460754]","[0.5425390005111694, 0.36945775151252747, -0.08868958055973053]","[0.48312288522720337, 0.3618336617946625, -0.09286166727542877]","[0.5559807419776917, 0.3550722897052765, -0.2693464457988739]","[0.4637131690979004, 0.3276917636394501, -0.27390944957733154]","[0.5773745775222778, 0.2966046631336212, -0.44853100180625916]","[0.4507034420967102, 0.27010831236839294, -0.4229004979133606]","[0.5916875004768372, 0.27541881799697876, -0.49012812972068787]","[0.43978413939476013, 0.25388941168785095, -0.46090269088745117]","[0.5878543853759766, 0.27191510796546936, -0.4912324845790863]","[0.4419451653957367, 0.25208625197410583, -0.46498146653175354]","[0.5815739631652832, 0.28140440583229065, -0.45713964104652405]","[0.4462929666042328, 0.2589666545391083, -0.43408483266830444]","[0.5202971696853638, 0.5600783824920654, 0.004961398430168629]","[0.4811146855354309, 0.552322268486023, -0.00508423987776041]","[0.5274993181228638, 0.6721864342689514, 0.03193949908018112]","[0.4657406806945801, 0.6612561941146851, 0.051157087087631226]","[0.517935574054718, 0.76863032579422, 0.190333291888237]","[0.4609909653663635, 0.7635178565979004, 0.2211596518754959]","[0.5130637288093567, 0.774497926235199, 0.20159491896629333]","[0.46426844596862793, 0.7743799090385437, 0.23419205844402313]","[0.521948516368866, 0.819706380367279, 0.12051074206829071]","[0.45379677414894104, 0.8149028420448303, 0.15918919444084167]"
"[0.5130634307861328, 0.3149048089981079, -0.17708152532577515]","[0.5178534984588623, 0.30397918820381165, -0.1641976684331894]","[0.5208227634429932, 0.3044429421424866, -0.1641833335161209]","[0.5237365961074829, 0.30491966009140015, -0.164171040058136]","[0.5085441470146179, 0.3027695119380951, -0.1631775200366974]","[0.5057336091995239, 0.3025552034378052, -0.16315388679504395]","[0.5034423470497131, 0.3023795485496521, -0.16308988630771637]","[0.5270963907241821, 0.3087993264198303, -0.09041057527065277]","[0.5011125802993774, 0.305846244096756, -0.08501757681369781]","[0.518561065196991, 0.33115431666374207, -0.15068776905536652]","[0.5076958537101746, 0.3291744887828827, -0.14895282685756683]","[0.5412982702255249, 0.37816208600997925, -0.08843782544136047]","[0.48221221566200256, 0.37231025099754333, -0.09608227014541626]","[0.5550312399864197, 0.36909615993499756, -0.27280673384666443]","[0.46373504400253296, 0.3470541536808014, -0.27973151206970215]","[0.5779629945755005, 0.31464850902557373, -0.45597681403160095]","[0.45090794563293457, 0.29575175046920776, -0.4257539212703705]","[0.5919419527053833, 0.28982773423194885, -0.4982783794403076]","[0.43962058424949646, 0.2741308808326721, -0.46852150559425354]","[0.5877309441566467, 0.2865654230117798, -0.4984509348869324]","[0.4424218535423279, 0.2710450291633606, -0.46611934900283813]","[0.5816937685012817, 0.29751428961753845, -0.4643022119998932]","[0.44750913977622986, 0.2816753387451172, -0.43432527780532837]","[0.5194682478904724, 0.5666839480400085, 0.006001265719532967]","[0.48043322563171387, 0.5583405494689941, -0.006142222322523594]","[0.5279281735420227, 0.6731240153312683, 0.017042063176631927]","[0.46566468477249146, 0.6630735397338867, 0.02052832767367363]","[0.5179301500320435, 0.76813143491745, 0.1788826733827591]","[0.4610729217529297, 0.7631088495254517, 0.1975356489419937]","[0.5130952596664429, 0.7741481065750122, 0.19109457731246948]","[0.4642672538757324, 0.7736796736717224, 0.21750657260417938]","[0.5219539403915405, 0.8191210627555847, 0.11719687283039093]","[0.45402973890304565, 0.8145499229431152, 0.14485688507556915]"
"[0.5122753977775574, 0.326479434967041, -0.16945818066596985]","[0.5167196989059448, 0.3156747817993164, -0.15825000405311584]","[0.5196009874343872, 0.3159716725349426, -0.15824423730373383]","[0.5224185585975647, 0.31630685925483704, -0.15823812782764435]","[0.5076146721839905, 0.31481340527534485, -0.1562185287475586]","[0.5049279928207397, 0.31461578607559204, -0.15620659291744232]","[0.5029392838478088, 0.3144509792327881, -0.15615758299827576]","[0.5257971286773682, 0.31985992193222046, -0.09007928520441055]","[0.5005215406417847, 0.3181959390640259, -0.08112214505672455]","[0.517828106880188, 0.34100478887557983, -0.14488716423511505]","[0.5072696805000305, 0.3394724428653717, -0.1418784260749817]","[0.539991021156311, 0.38835808634757996, -0.08409227430820465]","[0.4822477400302887, 0.3834490180015564, -0.08618282526731491]","[0.5550011992454529, 0.3820209205150604, -0.24503210186958313]","[0.4631367623806, 0.364568829536438, -0.24613673985004425]","[0.5796696543693542, 0.32285723090171814, -0.4114829897880554]","[0.448924720287323, 0.30735957622528076, -0.4063035547733307]","[0.5929675102233887, 0.2954995334148407, -0.4509669840335846]","[0.43781691789627075, 0.28531402349472046, -0.4462217390537262]","[0.5883979201316833, 0.29192492365837097, -0.45396846532821655]","[0.4411417543888092, 0.2832927703857422, -0.4443739354610443]","[0.5827358961105347, 0.3043408691883087, -0.42020583152770996]","[0.4463645815849304, 0.292660117149353, -0.4137027859687805]","[0.5185343027114868, 0.5728685855865479, 0.0058187078684568405]","[0.48000726103782654, 0.5638476014137268, -0.005952876061201096]","[0.5282543897628784, 0.6740684509277344, 0.009608631953597069]","[0.4655836522579193, 0.6645501255989075, 0.01330210268497467]","[0.5177873373031616, 0.7673372030258179, 0.16545847058296204]","[0.4612184166908264, 0.7631126642227173, 0.16846723854541779]","[0.5130624175071716, 0.7732666730880737, 0.17707403004169464]","[0.4642847180366516, 0.7737113237380981, 0.1816740334033966]","[0.5220527052879333, 0.8188110589981079, 0.10377202183008194]","[0.45403534173965454, 0.8143057823181152, 0.11054905503988266]"
"[0.511449933052063, 0.3373241722583771, -0.16165262460708618]","[0.5157420039176941, 0.32691651582717896, -0.1499483734369278]","[0.5185618996620178, 0.32726049423217773, -0.14995190501213074]","[0.5213257074356079, 0.327630877494812, -0.14994585514068604]","[0.5069541335105896, 0.32607749104499817, -0.14744989573955536]","[0.5044100284576416, 0.3259073495864868, -0.1474432647228241]","[0.5025551915168762, 0.3258459270000458, -0.14739865064620972]","[0.5248171091079712, 0.33219996094703674, -0.08389347791671753]","[0.5000708103179932, 0.33046549558639526, -0.07164306938648224]","[0.517186164855957, 0.3521520495414734, -0.13785740733146667]","[0.5065995454788208, 0.35099539160728455, -0.13419386744499207]","[0.5387407541275024, 0.39856189489364624, -0.07916448265314102]","[0.48214441537857056, 0.3949204683303833, -0.07239189743995667]","[0.5538379549980164, 0.39534568786621094, -0.2381761521100998]","[0.4624010920524597, 0.3792467713356018, -0.22452524304389954]","[0.5793777108192444, 0.3440943658351898, -0.40141552686691284]","[0.4477834105491638, 0.32081615924835205, -0.37926051020622253]","[0.5929242372512817, 0.32754915952682495, -0.4385583996772766]","[0.4365556240081787, 0.2983579933643341, -0.4169999063014984]","[0.5881346464157104, 0.32493680715560913, -0.4400709271430969]","[0.4397600591182709, 0.29604417085647583, -0.4147126078605652]","[0.5824364423751831, 0.3318408131599426, -0.4090851843357086]","[0.44551268219947815, 0.3057672679424286, -0.3860011100769043]","[0.5175139307975769, 0.579418957233429, 0.005063317250460386]","[0.4796507954597473, 0.5687410831451416, -0.005170164164155722]","[0.5283891558647156, 0.6765978932380676, -0.012634401209652424]","[0.46544069051742554, 0.6668516993522644, -0.03761792927980423]","[0.517292320728302, 0.7666593790054321, 0.15111561119556427]","[0.46127837896347046, 0.7630969285964966, 0.10851036012172699]","[0.5127819180488586, 0.7720776796340942, 0.16338494420051575]","[0.4642852246761322, 0.7735764980316162, 0.119578517973423]","[0.5220643877983093, 0.8182593584060669, 0.08980938047170639]","[0.45411545038223267, 0.8139041662216187, 0.043886132538318634]"
"[0.5109575986862183, 0.34894680976867676, -0.15486039221286774]","[0.5151768326759338, 0.3382578194141388, -0.14227277040481567]","[0.517963171005249, 0.33867281675338745, -0.14228089153766632]","[0.5206372141838074, 0.33906325697898865, -0.14227570593357086]","[0.5065680742263794, 0.3372029662132263, -0.1398485004901886]","[0.5041366219520569, 0.33698245882987976, -0.1398543119430542]","[0.5023602247238159, 0.3369033932685852, -0.13982141017913818]","[0.5239815711975098, 0.3437589704990387, -0.07687224447727203]","[0.4998067319393158, 0.3412909507751465, -0.06472478806972504]","[0.5165843963623047, 0.36392122507095337, -0.13161151111125946]","[0.5059884786605835, 0.36291825771331787, -0.12797129154205322]","[0.5382022261619568, 0.4097749590873718, -0.07540369033813477]","[0.48192086815834045, 0.4049449563026428, -0.06808669865131378]","[0.5540658235549927, 0.3968619406223297, -0.2394721508026123]","[0.4609392285346985, 0.38358476758003235, -0.21953892707824707]","[0.579581618309021, 0.354387104511261, -0.4011407494544983]","[0.44554051756858826, 0.32764893770217896, -0.3697155714035034]","[0.5928394794464111, 0.34000062942504883, -0.4370872974395752]","[0.4336177706718445, 0.30683040618896484, -0.40587836503982544]","[0.5891293287277222, 0.3394361436367035, -0.4352242350578308]","[0.43607741594314575, 0.30453383922576904, -0.40422922372817993]","[0.5841609835624695, 0.345986545085907, -0.4075237810611725]","[0.4416414201259613, 0.3129984736442566, -0.3765670955181122]","[0.516677737236023, 0.5844372510910034, 0.004875172860920429]","[0.4795178472995758, 0.5739230513572693, -0.004945588298141956]","[0.528914749622345, 0.6786553859710693, -0.08701007068157196]","[0.46524539589881897, 0.6659664511680603, -0.1466837078332901]","[0.5169482827186584, 0.765251100063324, 0.08111726492643356]","[0.46130385994911194, 0.7631000876426697, -0.004131660796701908]","[0.5123034119606018, 0.7704699039459229, 0.09387759119272232]","[0.4642825126647949, 0.7734718322753906, 0.006441396661102772]","[0.5220752954483032, 0.8182331323623657, 0.02468247525393963]","[0.45419707894325256, 0.8132026791572571, -0.07161771506071091]"
"[0.5100162029266357, 0.3579883873462677, -0.13968807458877563]","[0.5142459273338318, 0.3473054766654968, -0.1279800832271576]","[0.5170451998710632, 0.34762445092201233, -0.1279887706041336]","[0.5196624994277954, 0.34811773896217346, -0.12798714637756348]","[0.5058580636978149, 0.34648823738098145, -0.12575417757034302]","[0.5036408305168152, 0.34652209281921387, -0.12576650083065033]","[0.5017558336257935, 0.3465665280818939, -0.12574148178100586]","[0.5230385065078735, 0.3533848226070404, -0.06629984080791473]","[0.4992826581001282, 0.35090404748916626, -0.05533527210354805]","[0.5153831243515015, 0.37313541769981384, -0.11768090724945068]","[0.5049664378166199, 0.3715580701828003, -0.11438226699829102]","[0.5373395681381226, 0.41764336824417114, -0.06430370360612869]","[0.4818130135536194, 0.4129676818847656, -0.057665206491947174]","[0.5549644827842712, 0.40346449613571167, -0.21109795570373535]","[0.45950764417648315, 0.3855898082256317, -0.1922226846218109]","[0.5804374814033508, 0.36673498153686523, -0.35588544607162476]","[0.44246673583984375, 0.33445262908935547, -0.3307456374168396]","[0.5928406715393066, 0.35329046845436096, -0.3881227970123291]","[0.4305223524570465, 0.3140013813972473, -0.3639748990535736]","[0.5899032354354858, 0.35330379009246826, -0.3870900571346283]","[0.4333818554878235, 0.31189465522766113, -0.36415350437164307]","[0.5849793553352356, 0.35951924324035645, -0.36197325587272644]","[0.438574880361557, 0.3203594982624054, -0.33793383836746216]","[0.5160932540893555, 0.5869149565696716, 0.003924924414604902]","[0.47950807213783264, 0.576754629611969, -0.003940965980291367]","[0.5289619565010071, 0.6825606226921082, -0.08828995376825333]","[0.46469515562057495, 0.6670696139335632, -0.1502705216407776]","[0.5164334177970886, 0.7654101252555847, 0.06748667359352112]","[0.4613022804260254, 0.763121485710144, -0.017467226833105087]","[0.5117415189743042, 0.7706311345100403, 0.07927529513835907]","[0.46431899070739746, 0.7732531428337097, -0.007630595471709967]","[0.5220566987991333, 0.8182954788208008, 0.015267709270119667]","[0.4542028307914734, 0.8125913739204407, -0.07963511347770691]"
"[0.5092845559120178, 0.36552950739860535, -0.1371615082025528]","[0.5137434601783752, 0.3545287549495697, -0.12517395615577698]","[0.516501784324646, 0.3548455536365509, -0.12518233060836792]","[0.5190492272377014, 0.3554745316505432, -0.1251762956380844]","[0.5054801106452942, 0.35353267192840576, -0.12321726232767105]","[0.5033060312271118, 0.3534851670265198, -0.12322714179754257]","[0.5012397766113281, 0.353552907705307, -0.12319795042276382]","[0.5223278999328613, 0.36066433787345886, -0.06239142268896103]","[0.4986588954925537, 0.35819387435913086, -0.05265757441520691]","[0.5143610835075378, 0.3807346820831299, -0.11469101905822754]","[0.5041136145591736, 0.37856361269950867, -0.11174819618463516]","[0.5358542203903198, 0.42535823583602905, -0.06093931943178177]","[0.48112520575523376, 0.4188503324985504, -0.05458710715174675]","[0.5540798902511597, 0.41871756315231323, -0.21421265602111816]","[0.4589470326900482, 0.39457008242607117, -0.19675102829933167]","[0.5799744129180908, 0.38254615664482117, -0.3683379292488098]","[0.442410409450531, 0.34786686301231384, -0.34184449911117554]","[0.5922540426254272, 0.3704320192337036, -0.4013540744781494]","[0.43046727776527405, 0.3286267817020416, -0.3755474388599396]","[0.5896157622337341, 0.3695625364780426, -0.40021735429763794]","[0.43408021330833435, 0.3271040618419647, -0.37450912594795227]","[0.5844434499740601, 0.374862402677536, -0.37447017431259155]","[0.4392828941345215, 0.3359227776527405, -0.34856361150741577]","[0.5159618854522705, 0.5896455645561218, 0.003171981777995825]","[0.4795357286930084, 0.5803659558296204, -0.0031562403310090303]","[0.5290480852127075, 0.6831129193305969, -0.11102937161922455]","[0.46409496665000916, 0.6668725609779358, -0.16483572125434875]","[0.5161726474761963, 0.7654250860214233, 0.042414091527462006]","[0.46130603551864624, 0.7629328966140747, -0.033716894686222076]","[0.511276364326477, 0.7705264687538147, 0.05393185466527939]","[0.46432262659072876, 0.772063136100769, -0.02420811727643013]","[0.5220041275024414, 0.8183144330978394, -0.011330635286867619]","[0.4542093276977539, 0.8121395707130432, -0.09721049666404724]"
"[0.5083850026130676, 0.37344980239868164, -0.13881008327007294]","[0.5129764080047607, 0.36233118176460266, -0.12655144929885864]","[0.5156866908073425, 0.36260631680488586, -0.1265600025653839]","[0.518159031867981, 0.3630427122116089, -0.12655526399612427]","[0.5048497915267944, 0.3608033061027527, -0.12501730024814606]","[0.5026589035987854, 0.36042162775993347, -0.1250230371952057]","[0.5004490613937378, 0.36017104983329773, -0.12498841434717178]","[0.5215389132499695, 0.3664886951446533, -0.061374444514513016]","[0.49794816970825195, 0.3638349771499634, -0.05326514691114426]","[0.5132381916046143, 0.38840997219085693, -0.11525927484035492]","[0.5031837821006775, 0.3854299783706665, -0.11278356611728668]","[0.5350304841995239, 0.4310595989227295, -0.05928284674882889]","[0.4803970456123352, 0.4219980537891388, -0.05529245734214783]","[0.5540661811828613, 0.42509111762046814, -0.21799632906913757]","[0.4588804841041565, 0.400642067193985, -0.2047366350889206]","[0.5799170732498169, 0.3938899636268616, -0.37862253189086914]","[0.4425586760044098, 0.3559604585170746, -0.3534124493598938]","[0.5921429395675659, 0.3825719654560089, -0.4125857949256897]","[0.4297237992286682, 0.3362872302532196, -0.38757026195526123]","[0.5899919867515564, 0.38110923767089844, -0.41138964891433716]","[0.43333926796913147, 0.33407098054885864, -0.3861476480960846]","[0.5843296051025391, 0.3870014250278473, -0.38488757610321045]","[0.43899378180503845, 0.3427908420562744, -0.3600352108478546]","[0.5157914161682129, 0.5912905931472778, 0.0029143905267119408]","[0.4794985353946686, 0.582745373249054, -0.0028926089871674776]","[0.5293339490890503, 0.6825481653213501, -0.14372141659259796]","[0.4639837145805359, 0.6668338775634766, -0.18844860792160034]","[0.5158661603927612, 0.7654806971549988, 0.010699780657887459]","[0.4613072872161865, 0.7625982761383057, -0.055185478180646896]","[0.5107595324516296, 0.7705764770507812, 0.02233392372727394]","[0.4643304944038391, 0.7714376449584961, -0.045442767441272736]","[0.5218225717544556, 0.8184067010879517, -0.04791638255119324]","[0.4542774558067322, 0.8117861151695251, -0.1224193349480629]"
"[0.5063802003860474, 0.37781447172164917, -0.14170320332050323]","[0.5113765001296997, 0.36660894751548767, -0.1296209692955017]","[0.5142563581466675, 0.3668346703052521, -0.12962642312049866]","[0.5167635083198547, 0.3670743405818939, -0.12962433695793152]","[0.503561794757843, 0.3653801381587982, -0.12814733386039734]","[0.5013827085494995, 0.3648606240749359, -0.12814995646476746]","[0.4991401135921478, 0.3644241690635681, -0.12811432778835297]","[0.5206045508384705, 0.36979755759239197, -0.0633174255490303]","[0.49704471230506897, 0.3669225871562958, -0.05535542964935303]","[0.5113996267318726, 0.3915972113609314, -0.11755608022212982]","[0.5017461776733398, 0.3892686069011688, -0.11515852063894272]","[0.5344697833061218, 0.4328294098377228, -0.0611153319478035]","[0.480163037776947, 0.4239949882030487, -0.058597929775714874]","[0.553472638130188, 0.4284055829048157, -0.2277989685535431]","[0.4589942395687103, 0.40738818049430847, -0.21493443846702576]","[0.579049825668335, 0.4037427306175232, -0.39159029722213745]","[0.4432388246059418, 0.36650606989860535, -0.36837780475616455]","[0.5914605855941772, 0.39402011036872864, -0.4237756133079529]","[0.4307491183280945, 0.3468042016029358, -0.4047248959541321]","[0.5898975133895874, 0.39238378405570984, -0.41215381026268005]","[0.43426498770713806, 0.34420305490493774, -0.40276065468788147]","[0.5841540694236755, 0.39788538217544556, -0.3950767517089844]","[0.4399178922176361, 0.3541536033153534, -0.37513911724090576]","[0.5157417058944702, 0.5900112390518188, 0.002681797370314598]","[0.47951334714889526, 0.5820637345314026, -0.0026752487756311893]","[0.5295954942703247, 0.6821166276931763, -0.14946109056472778]","[0.4638664722442627, 0.666467010974884, -0.1992279589176178]","[0.5158483386039734, 0.7655408382415771, 0.00924599077552557]","[0.4612734317779541, 0.7624067664146423, -0.06558699160814285]","[0.5107570290565491, 0.7706912755966187, 0.02119665965437889]","[0.4643070697784424, 0.7711573243141174, -0.055755384266376495]","[0.5216901302337646, 0.8184492588043213, -0.052256494760513306]","[0.4542887806892395, 0.8114845156669617, -0.13548532128334045]"
"[0.5059923529624939, 0.37596410512924194, -0.1392698436975479]","[0.5107789039611816, 0.3656134605407715, -0.12735988199710846]","[0.5136376619338989, 0.36556577682495117, -0.12736482918262482]","[0.5162550806999207, 0.3655771017074585, -0.1273665875196457]","[0.5031989216804504, 0.36502596735954285, -0.12620869278907776]","[0.5010918974876404, 0.3646462857723236, -0.12621177732944489]","[0.49905627965927124, 0.36433905363082886, -0.1261766403913498]","[0.5203300714492798, 0.36864328384399414, -0.060899149626493454]","[0.49711188673973083, 0.36706435680389404, -0.054174285382032394]","[0.5112137794494629, 0.3875602185726166, -0.11503060162067413]","[0.5015363693237305, 0.38608318567276, -0.11302375793457031]","[0.534736692905426, 0.43247824907302856, -0.0587896890938282]","[0.4799399971961975, 0.4236484467983246, -0.05841866880655289]","[0.5532863736152649, 0.43059417605400085, -0.2309831827878952]","[0.45924243330955505, 0.4095034599304199, -0.21884770691394806]","[0.5779392123222351, 0.4104001820087433, -0.41059941053390503]","[0.44354772567749023, 0.37405818700790405, -0.3724426329135895]","[0.5892125964164734, 0.40468689799308777, -0.44581085443496704]","[0.4314306378364563, 0.3552486002445221, -0.41015782952308655]","[0.5878721475601196, 0.40129554271698, -0.4391504228115082]","[0.434893935918808, 0.351685106754303, -0.40791288018226624]","[0.5822024941444397, 0.40602782368659973, -0.4154871106147766]","[0.44013676047325134, 0.36172422766685486, -0.37933042645454407]","[0.5156713724136353, 0.5881063342094421, 0.0025245475117117167]","[0.47952309250831604, 0.5802488327026367, -0.002535073319450021]","[0.5296584367752075, 0.6817338466644287, -0.1379515826702118]","[0.4638233184814453, 0.6659353375434875, -0.20117171108722687]","[0.5157244801521301, 0.7656430006027222, 0.015127075836062431]","[0.46126604080200195, 0.7621432542800903, -0.07538700103759766]","[0.5106742978096008, 0.7707818746566772, 0.026350129395723343]","[0.46430712938308716, 0.770954966545105, -0.06631585955619812]","[0.5215097665786743, 0.81864994764328, -0.04824226349592209]","[0.45446547865867615, 0.8112903833389282, -0.14632005989551544]"
"[0.5063973069190979, 0.3753659427165985, -0.1397285759449005]","[0.5110195875167847, 0.364073783159256, -0.127913698554039]","[0.5138362050056458, 0.3639928698539734, -0.1279202401638031]","[0.5163887739181519, 0.36387404799461365, -0.12792450189590454]","[0.5033705830574036, 0.3635333180427551, -0.12721452116966248]","[0.5012421011924744, 0.36328446865081787, -0.12721601128578186]","[0.4992064833641052, 0.3632171154022217, -0.12717902660369873]","[0.5202751755714417, 0.36661189794540405, -0.060741256922483444]","[0.4971407949924469, 0.3662371039390564, -0.05577094480395317]","[0.5116404294967651, 0.3868459463119507, -0.11516014486551285]","[0.5018378496170044, 0.38548290729522705, -0.11380585283041]","[0.5350099802017212, 0.43023091554641724, -0.05845322087407112]","[0.4799969792366028, 0.4209265112876892, -0.06020432710647583]","[0.5522702932357788, 0.43046748638153076, -0.23595502972602844]","[0.45989662408828735, 0.4089790880680084, -0.22663502395153046]","[0.5756312608718872, 0.41419553756713867, -0.42446598410606384]","[0.44454899430274963, 0.3782972991466522, -0.3895571529865265]","[0.585567831993103, 0.409512460231781, -0.46120303869247437]","[0.4316965937614441, 0.3596331775188446, -0.4242720603942871]","[0.5840288400650024, 0.40602603554725647, -0.4577811658382416]","[0.43549996614456177, 0.3573036193847656, -0.4229038655757904]","[0.5781736373901367, 0.41043540835380554, -0.43037065863609314]","[0.44102221727371216, 0.3668821156024933, -0.3962410092353821]","[0.5157314538955688, 0.5866250991821289, 0.0022583003155887127]","[0.47966375946998596, 0.5786181688308716, -0.002289477502927184]","[0.5296949744224548, 0.6814877986907959, -0.13551262021064758]","[0.4638286530971527, 0.6657168865203857, -0.18754839897155762]","[0.5155655741691589, 0.7656959295272827, 0.012225002981722355]","[0.46121153235435486, 0.7620140314102173, -0.06512054800987244]","[0.5105501413345337, 0.7707436680793762, 0.022774342447519302]","[0.46421903371810913, 0.7708280682563782, -0.05658270791172981]","[0.5212326049804688, 0.8187420964241028, -0.050747714936733246]","[0.45452889800071716, 0.8111585974693298, -0.13401764631271362]"
"[0.5066471099853516, 0.36917081475257874, -0.14037884771823883]","[0.511257529258728, 0.35786959528923035, -0.12878446280956268]","[0.5140780210494995, 0.3579776883125305, -0.12879285216331482]","[0.516623854637146, 0.35814714431762695, -0.1287974715232849]","[0.5034814476966858, 0.3571785092353821, -0.12796184420585632]","[0.5013097524642944, 0.35691773891448975, -0.12796178460121155]","[0.499277263879776, 0.3567948341369629, -0.12792237102985382]","[0.5204167366027832, 0.36147642135620117, -0.06176527217030525]","[0.49723052978515625, 0.3601835370063782, -0.05662977695465088]","[0.5119231939315796, 0.3814041018486023, -0.1158859133720398]","[0.5020425319671631, 0.3796180188655853, -0.11447018384933472]","[0.5351840257644653, 0.42579883337020874, -0.058761078864336014]","[0.48001575469970703, 0.41670817136764526, -0.05971572920680046]","[0.5520893335342407, 0.42773374915122986, -0.23595397174358368]","[0.460543692111969, 0.40610745549201965, -0.2260274440050125]","[0.5756360292434692, 0.4119252860546112, -0.4197055399417877]","[0.4446386694908142, 0.3755664825439453, -0.39222005009651184]","[0.5853809714317322, 0.4086126685142517, -0.456287145614624]","[0.4319445490837097, 0.35806915163993835, -0.42708057165145874]","[0.5839106440544128, 0.40535300970077515, -0.45420581102371216]","[0.43577131628990173, 0.3553149998188019, -0.4267653822898865]","[0.5783888101577759, 0.4090562164783478, -0.4260339140892029]","[0.44105690717697144, 0.36491888761520386, -0.3994167745113373]","[0.5157776474952698, 0.5840715765953064, 0.0019286874448880553]","[0.4797251224517822, 0.5767087936401367, -0.0019743619486689568]","[0.5296671390533447, 0.6802045702934265, -0.11224732547998428]","[0.4637855589389801, 0.6655639410018921, -0.17320875823497772]","[0.5154269337654114, 0.765734076499939, 0.035245850682258606]","[0.4611489772796631, 0.762022078037262, -0.05382207781076431]","[0.5104295611381531, 0.7707617878913879, 0.045496173202991486]","[0.4641912877559662, 0.770933210849762, -0.0458124615252018]","[0.5211403965950012, 0.8187776207923889, -0.02637675032019615]","[0.454521119594574, 0.8111110925674438, -0.12150190770626068]"
"[0.506949782371521, 0.36738502979278564, -0.13849936425685883]","[0.511376142501831, 0.3560580909252167, -0.12743863463401794]","[0.514185905456543, 0.35639795660972595, -0.12744973599910736]","[0.5167685747146606, 0.35695701837539673, -0.1274542510509491]","[0.5036944150924683, 0.3543590307235718, -0.12600544095039368]","[0.5014955997467041, 0.3535488545894623, -0.1259966790676117]","[0.4994533658027649, 0.35304439067840576, -0.12595109641551971]","[0.52048659324646, 0.36103853583335876, -0.061265867203474045]","[0.4972771108150482, 0.35645511746406555, -0.054263971745967865]","[0.5121970176696777, 0.3804035484790802, -0.11430010944604874]","[0.50222247838974, 0.37706777453422546, -0.11223827302455902]","[0.5353055596351624, 0.4242020547389984, -0.05949933081865311]","[0.4800642132759094, 0.4140561819076538, -0.05306081101298332]","[0.5504966378211975, 0.4245850443840027, -0.23608951270580292]","[0.46183547377586365, 0.4016025960445404, -0.22010274231433868]","[0.5732125639915466, 0.4086368978023529, -0.41868728399276733]","[0.44686228036880493, 0.3711622357368469, -0.3976103365421295]","[0.5857869386672974, 0.40331241488456726, -0.4553329348564148]","[0.4329727590084076, 0.356698215007782, -0.4342080056667328]","[0.5823133587837219, 0.39970049262046814, -0.4544512629508972]","[0.439725399017334, 0.35342755913734436, -0.4342477321624756]","[0.5762316584587097, 0.4044971764087677, -0.42518553137779236]","[0.4447374939918518, 0.361688494682312, -0.40527334809303284]","[0.5157891511917114, 0.577983021736145, 0.0010597662767395377]","[0.4797927439212799, 0.57023024559021, -0.0011056724470108747]","[0.5294641256332397, 0.6759782433509827, -0.0911937952041626]","[0.4637885093688965, 0.6641854047775269, -0.16241252422332764]","[0.5152552723884583, 0.7657666802406311, 0.044633910059928894]","[0.4610784947872162, 0.7623195052146912, -0.05182124301791191]","[0.5102525949478149, 0.770777702331543, 0.05620313808321953]","[0.46413737535476685, 0.7716054320335388, -0.04509546607732773]","[0.5210605263710022, 0.8188056945800781, -0.01692173257470131]","[0.45451775193214417, 0.8111196160316467, -0.1217145323753357]"
"[0.5090101957321167, 0.35317322611808777, -0.138177752494812]","[0.5131086111068726, 0.34197086095809937, -0.1272532045841217]","[0.5156754851341248, 0.3424689769744873, -0.12726642191410065]","[0.5181376934051514, 0.34327876567840576, -0.12727224826812744]","[0.5053324103355408, 0.3402285575866699, -0.12613727152347565]","[0.5029264688491821, 0.339772492647171, -0.1261252462863922]","[0.5008672475814819, 0.33968085050582886, -0.12607547640800476]","[0.5209745168685913, 0.348185658454895, -0.06032369285821915]","[0.49759045243263245, 0.3440316617488861, -0.05479776859283447]","[0.513668417930603, 0.368603378534317, -0.11344236135482788]","[0.503527045249939, 0.36551353335380554, -0.11193064600229263]","[0.5353991985321045, 0.41535818576812744, -0.05741154029965401]","[0.48019829392433167, 0.40416663885116577, -0.054128218442201614]","[0.5506795644760132, 0.42152756452560425, -0.23006930947303772]","[0.46372190117836, 0.40010887384414673, -0.21956560015678406]","[0.5734577775001526, 0.40195146203041077, -0.40809598565101624]","[0.4510869085788727, 0.3646756410598755, -0.3967074155807495]","[0.5854908227920532, 0.3949265778064728, -0.44444161653518677]","[0.43852362036705017, 0.3484734296798706, -0.4338456988334656]","[0.5827780365943909, 0.3917405307292938, -0.4452230930328369]","[0.44232097268104553, 0.3458957076072693, -0.4338259696960449]","[0.5767188668251038, 0.396329402923584, -0.41506147384643555]","[0.4482366144657135, 0.35472339391708374, -0.40442603826522827]","[0.5158079862594604, 0.5728288292884827, 0.0009399447590112686]","[0.4799565374851227, 0.564308226108551, -0.0009863217128440738]","[0.5286462903022766, 0.674839437007904, -0.07060641795396805]","[0.4638763964176178, 0.6624719500541687, -0.1468004435300827]","[0.5150867700576782, 0.765956699848175, 0.06741268187761307]","[0.46097153425216675, 0.7624894976615906, -0.03253229707479477]","[0.5100541710853577, 0.7709882855415344, 0.07697083055973053]","[0.46395716071128845, 0.7720669507980347, -0.024348968639969826]","[0.5209888815879822, 0.8188717365264893, 0.00646054744720459]","[0.45451897382736206, 0.8111218810081482, -0.10121645778417587]"
"[0.5101869702339172, 0.33275461196899414, -0.14053547382354736]","[0.513984739780426, 0.322619765996933, -0.13121995329856873]","[0.5164940357208252, 0.3232429325580597, -0.13121509552001953]","[0.5189156532287598, 0.3241536617279053, -0.13120153546333313]","[0.5065364837646484, 0.3219991624355316, -0.13050857186317444]","[0.504306972026825, 0.32204219698905945, -0.13048109412193298]","[0.5022971630096436, 0.3224247694015503, -0.13041213154792786]","[0.5216647386550903, 0.33155331015586853, -0.06462345272302628]","[0.498669296503067, 0.3284466564655304, -0.06115386635065079]","[0.5149005651473999, 0.34646525979042053, -0.11523822695016861]","[0.5049373507499695, 0.3447040021419525, -0.11467810720205307]","[0.5362304449081421, 0.39983469247817993, -0.05872749164700508]","[0.4802688956260681, 0.3908365070819855, -0.05987399071455002]","[0.5512517690658569, 0.41307342052459717, -0.22975575923919678]","[0.46357688307762146, 0.3854598104953766, -0.22484655678272247]","[0.5737014412879944, 0.4012241065502167, -0.4084433913230896]","[0.4506806433200836, 0.3583628833293915, -0.4009280800819397]","[0.5856189727783203, 0.3941574990749359, -0.4460873603820801]","[0.4394112229347229, 0.3456168472766876, -0.43917855620384216]","[0.5832059979438782, 0.39005047082901, -0.4482082426548004]","[0.44452953338623047, 0.34541893005371094, -0.43840789794921875]","[0.577061116695404, 0.39225852489471436, -0.4161008894443512]","[0.44971030950546265, 0.35364556312561035, -0.40816816687583923]","[0.5159042477607727, 0.5652032494544983, 0.0011041447287425399]","[0.4800381064414978, 0.555673360824585, -0.0011556255631148815]","[0.5274770855903625, 0.674891471862793, -0.02400253340601921]","[0.4639449119567871, 0.660981297492981, -0.10333728790283203]","[0.5149949789047241, 0.7659673690795898, 0.12808027863502502]","[0.46074604988098145, 0.762493371963501, 0.015007692389190197]","[0.5099657773971558, 0.7710068821907043, 0.13857194781303406]","[0.4636659622192383, 0.7720924615859985, 0.02290717326104641]","[0.5209169387817383, 0.8188591003417969, 0.07012160867452621]","[0.4545184075832367, 0.8110138773918152, -0.048750996589660645]"
"[0.510962188243866, 0.3205443322658539, -0.137035071849823]","[0.5149288773536682, 0.30967584252357483, -0.12859611213207245]","[0.5175927877426147, 0.30987805128097534, -0.1285906732082367]","[0.5200753808021545, 0.3102784752845764, -0.1285628229379654]","[0.5071890354156494, 0.30968448519706726, -0.1265098601579666]","[0.5049291849136353, 0.3098861575126648, -0.12648442387580872]","[0.5028995275497437, 0.31044238805770874, -0.12643177807331085]","[0.5230239033699036, 0.31700146198272705, -0.06471968442201614]","[0.4995708465576172, 0.31707730889320374, -0.056317348033189774]","[0.5160033702850342, 0.3343278765678406, -0.11329355090856552]","[0.5057944655418396, 0.33316028118133545, -0.11060825735330582]","[0.5374478101730347, 0.38785815238952637, -0.052658986300230026]","[0.48136472702026367, 0.3785988390445709, -0.05163002014160156]","[0.551308274269104, 0.4019568860530853, -0.2013022005558014]","[0.4639565348625183, 0.37234416604042053, -0.1931813359260559]","[0.5743932723999023, 0.38065215945243835, -0.367116779088974]","[0.45151287317276, 0.3416002094745636, -0.34399038553237915]","[0.5885956287384033, 0.3698822855949402, -0.40017399191856384]","[0.442019522190094, 0.3235776424407959, -0.3769432008266449]","[0.5868840217590332, 0.36519482731819153, -0.40293779969215393]","[0.44753211736679077, 0.3239317238330841, -0.37654727697372437]","[0.5797017812728882, 0.369234561920166, -0.3743267059326172]","[0.45207247138023376, 0.3323955833911896, -0.35022544860839844]","[0.5162016749382019, 0.5602913498878479, 0.0011264532804489136]","[0.4802750051021576, 0.5503997802734375, -0.0011786174727603793]","[0.5268064737319946, 0.674738883972168, -0.006219994276762009]","[0.4640353322029114, 0.6586894392967224, -0.044541992247104645]","[0.5149890780448914, 0.7666076421737671, 0.13238978385925293]","[0.46051454544067383, 0.7626107931137085, 0.06321367621421814]","[0.5099672079086304, 0.7724890112876892, 0.14186754822731018]","[0.4635259211063385, 0.7727998495101929, 0.0703035295009613]","[0.5209199786186218, 0.818872332572937, 0.07330779731273651]","[0.4543920159339905, 0.8109598159790039, 0.002443107543513179]"
"[0.5115338563919067, 0.3092367351055145, -0.1530614048242569]","[0.5156605243682861, 0.29792341589927673, -0.14428485929965973]","[0.5183366537094116, 0.2979698181152344, -0.1442752182483673]","[0.520842432975769, 0.2983000576496124, -0.14424864947795868]","[0.5076411366462708, 0.2982413172721863, -0.1414269357919693]","[0.5053113698959351, 0.298513263463974, -0.141387939453125]","[0.5033338069915771, 0.2990298867225647, -0.14132383465766907]","[0.5239456295967102, 0.30432242155075073, -0.07946859300136566]","[0.5003085732460022, 0.3054746985435486, -0.06644434481859207]","[0.5167565941810608, 0.32324814796447754, -0.12910453975200653]","[0.5064494013786316, 0.3221130073070526, -0.12520143389701843]","[0.5388110876083374, 0.37743738293647766, -0.06922993063926697]","[0.48245924711227417, 0.3678395450115204, -0.06555570662021637]","[0.552424430847168, 0.38302111625671387, -0.2491268366575241]","[0.4662071168422699, 0.36380523443222046, -0.2338794469833374]","[0.5756350755691528, 0.35982996225357056, -0.4368624687194824]","[0.45484980940818787, 0.3328004777431488, -0.41433900594711304]","[0.5917317271232605, 0.34246161580085754, -0.4762127995491028]","[0.444505512714386, 0.3105003237724304, -0.45303988456726074]","[0.5895031690597534, 0.33922079205513, -0.47807779908180237]","[0.44990524649620056, 0.30951014161109924, -0.45249685645103455]","[0.5815259218215942, 0.3475549817085266, -0.44488510489463806]","[0.45516467094421387, 0.3206564784049988, -0.4217257499694824]","[0.5167301297187805, 0.5551215410232544, 0.001413219142705202]","[0.48036712408065796, 0.5448625683784485, -0.001482896856032312]","[0.5261715650558472, 0.6721433997154236, -0.006914475467056036]","[0.46434730291366577, 0.6556012630462646, -0.05252685025334358]","[0.5149592161178589, 0.7668853998184204, 0.13601133227348328]","[0.4601512849330902, 0.7626318335533142, 0.05953282117843628]","[0.5099732279777527, 0.7732248902320862, 0.14518405497074127]","[0.4632810652256012, 0.7729922533035278, 0.06639765202999115]","[0.5207821130752563, 0.8188920021057129, 0.07048062980175018]","[0.45426568388938904, 0.8108252882957458, -0.00793664250522852]"
"[0.5116182565689087, 0.29735901951789856, -0.15880461037158966]","[0.5158015489578247, 0.28557276725769043, -0.14991602301597595]","[0.5184893012046814, 0.2855297923088074, -0.14990940690040588]","[0.5210356116294861, 0.2857022285461426, -0.14988043904304504]","[0.5077663064002991, 0.2860661745071411, -0.14638200402259827]","[0.5054479837417603, 0.28636690974235535, -0.14634430408477783]","[0.5034731030464172, 0.28707626461982727, -0.14628510177135468]","[0.5245944857597351, 0.2915130853652954, -0.08536482602357864]","[0.5008626580238342, 0.29309356212615967, -0.06876019388437271]","[0.517011821269989, 0.31138256192207336, -0.1349440962076187]","[0.5067602396011353, 0.3105311393737793, -0.13004866242408752]","[0.5401580929756165, 0.36674800515174866, -0.07581357657909393]","[0.4839739203453064, 0.3567582368850708, -0.06857959181070328]","[0.5537030100822449, 0.37102174758911133, -0.2563212215900421]","[0.46806424856185913, 0.35459572076797485, -0.2369489222764969]","[0.5764087438583374, 0.3423369228839874, -0.441486120223999]","[0.4557294249534607, 0.31127914786338806, -0.4169134199619293]","[0.594075620174408, 0.320704847574234, -0.481086790561676]","[0.4436795115470886, 0.28770682215690613, -0.4558970332145691]","[0.5909322500228882, 0.3180253803730011, -0.483588844537735]","[0.44870972633361816, 0.2867056429386139, -0.4557483196258545]","[0.582150936126709, 0.33479541540145874, -0.44969597458839417]","[0.4553071856498718, 0.29929259419441223, -0.42451468110084534]","[0.5171838998794556, 0.5501687526702881, 0.0015800291439518332]","[0.48061543703079224, 0.5396767258644104, -0.0016642952105030417]","[0.5258573293685913, 0.6701829433441162, -0.003725629998371005]","[0.4645843505859375, 0.6536388993263245, -0.02847880683839321]","[0.5149673819541931, 0.7668999433517456, 0.1431463062763214]","[0.4600280821323395, 0.7625935673713684, 0.09339965134859085]","[0.5100200176239014, 0.7732975482940674, 0.15284910798072815]","[0.46325844526290894, 0.7729443311691284, 0.10147931426763535]","[0.520785927772522, 0.8190376162528992, 0.07697325944900513]","[0.4539491534233093, 0.8110313415527344, 0.027646761387586594]"
"[0.5120037198066711, 0.2873888313770294, -0.1608114391565323]","[0.5161153674125671, 0.27618807554244995, -0.15143921971321106]","[0.5188846588134766, 0.2762652635574341, -0.15143589675426483]","[0.5215470194816589, 0.27667438983917236, -0.15140970051288605]","[0.5080667734146118, 0.27697741985321045, -0.14756646752357483]","[0.5057715177536011, 0.2775725722312927, -0.14753028750419617]","[0.5037406086921692, 0.2784764766693115, -0.14747658371925354]","[0.5255894660949707, 0.28341996669769287, -0.08773045241832733]","[0.5015000104904175, 0.2843915522098541, -0.06893840432167053]","[0.5176756978034973, 0.3023436963558197, -0.13751742243766785]","[0.5074270367622375, 0.301996648311615, -0.13195425271987915]","[0.5410851836204529, 0.3590754270553589, -0.08272488415241241]","[0.4851139187812805, 0.351027250289917, -0.0701901763677597]","[0.5537019968032837, 0.3602336347103119, -0.2713833451271057]","[0.4683144688606262, 0.34886500239372253, -0.239557147026062]","[0.5753909945487976, 0.32776743173599243, -0.45908665657043457]","[0.45649972558021545, 0.2907319664955139, -0.4138450622558594]","[0.5915016531944275, 0.3092305362224579, -0.4992613196372986]","[0.4448022246360779, 0.26684820652008057, -0.45296773314476013]","[0.5867804288864136, 0.30553850531578064, -0.5000708103179932]","[0.4488375782966614, 0.26467767357826233, -0.4515112042427063]","[0.5785840153694153, 0.31332921981811523, -0.4668062627315521]","[0.4545880854129791, 0.27397388219833374, -0.42105403542518616]","[0.5174152255058289, 0.5460038781166077, 0.0015136681031435728]","[0.48071035742759705, 0.5359135866165161, -0.0016078486805781722]","[0.525614321231842, 0.6683029532432556, -0.002435502130538225]","[0.46461695432662964, 0.6525799036026001, -0.015036091208457947]","[0.5150392055511475, 0.7669122219085693, 0.1423536241054535]","[0.4600306451320648, 0.7625946998596191, 0.11486240476369858]","[0.5101299285888672, 0.7734932899475098, 0.15175577998161316]","[0.46325916051864624, 0.7729608416557312, 0.12349005788564682]","[0.5209514498710632, 0.8192956447601318, 0.07139494270086288]","[0.45374923944473267, 0.8114016056060791, 0.04689557105302811]"
"[0.5125641226768494, 0.27652135491371155, -0.1598927080631256]","[0.5166227221488953, 0.26564544439315796, -0.14978350698947906]","[0.5195647478103638, 0.2659304440021515, -0.1497935950756073]","[0.5222898125648499, 0.2665175199508667, -0.1498083472251892]","[0.5084670782089233, 0.2661590278148651, -0.1441437155008316]","[0.5061742067337036, 0.2666338384151459, -0.14407923817634583]","[0.5041306018829346, 0.26736879348754883, -0.14401468634605408]","[0.526474118232727, 0.27394911646842957, -0.08298556506633759]","[0.5020206570625305, 0.2736246585845947, -0.06273578107357025]","[0.5183547139167786, 0.29164016246795654, -0.1339235156774521]","[0.5078803300857544, 0.2908738851547241, -0.13093997538089752]","[0.5415088534355164, 0.3510100543498993, -0.08181701600551605]","[0.4854734539985657, 0.3429167866706848, -0.06239277124404907]","[0.553486704826355, 0.35203754901885986, -0.262265145778656]","[0.4686458706855774, 0.3328263461589813, -0.22001345455646515]","[0.5752406716346741, 0.3128810226917267, -0.44042620062828064]","[0.457254022359848, 0.267681360244751, -0.38312801718711853]","[0.5911294221878052, 0.2940784990787506, -0.4787728190422058]","[0.44579368829727173, 0.24785923957824707, -0.42028889060020447]","[0.5862124562263489, 0.2901679277420044, -0.47968563437461853]","[0.44963836669921875, 0.2458665817975998, -0.41797131299972534]","[0.578290581703186, 0.29806092381477356, -0.4479091167449951]","[0.4547642171382904, 0.25322553515434265, -0.390004426240921]","[0.5186567902565002, 0.5416703820228577, 0.0007297417032532394]","[0.4817095398902893, 0.5318348407745361, -0.0008318652398884296]","[0.5249722003936768, 0.666253924369812, 0.005973556078970432]","[0.46473416686058044, 0.6511352062225342, -0.01080307550728321]","[0.5152291655540466, 0.7672275304794312, 0.1427200734615326]","[0.4601479172706604, 0.7627384662628174, 0.11284928023815155]","[0.5104345083236694, 0.7744920253753662, 0.15128766000270844]","[0.46337562799453735, 0.7732523679733276, 0.12051620334386826]","[0.5211256146430969, 0.8199515342712402, 0.07128042727708817]","[0.45334547758102417, 0.8116804361343384, 0.043790023773908615]"
"[0.5131069421768188, 0.26806679368019104, -0.1597805917263031]","[0.5173664689064026, 0.2578118145465851, -0.14934320747852325]","[0.5204368829727173, 0.25815850496292114, -0.14933958649635315]","[0.5231462121009827, 0.25885987281799316, -0.14932766556739807]","[0.5090423226356506, 0.2580629885196686, -0.14534041285514832]","[0.506639838218689, 0.2583465874195099, -0.14529156684875488]","[0.5044598579406738, 0.25888708233833313, -0.14523012936115265]","[0.527532696723938, 0.2671803832054138, -0.08331151306629181]","[0.5026144981384277, 0.26552996039390564, -0.06605914235115051]","[0.5189808011054993, 0.2839219272136688, -0.13547644019126892]","[0.5084541440010071, 0.2829957902431488, -0.1314280927181244]","[0.5419477224349976, 0.345857173204422, -0.08439986407756805]","[0.4853156507015228, 0.33514121174812317, -0.07029540836811066]","[0.5530180931091309, 0.34538617730140686, -0.27705666422843933]","[0.4683142602443695, 0.3132741451263428, -0.2495756447315216]","[0.5752167105674744, 0.3036859929561615, -0.4613036513328552]","[0.45832452178001404, 0.2583578824996948, -0.4288195073604584]","[0.5910261869430542, 0.2858779728412628, -0.5023090243339539]","[0.44804930686950684, 0.23958131670951843, -0.4691108763217926]","[0.5862301588058472, 0.2827073037624359, -0.5033489465713501]","[0.45271649956703186, 0.23839813470840454, -0.4657849371433258]","[0.5783681273460388, 0.2895558178424835, -0.46933358907699585]","[0.4573058485984802, 0.24613958597183228, -0.43572625517845154]","[0.5190048217773438, 0.5388638377189636, 0.0012284944532439113]","[0.48185858130455017, 0.5283644795417786, -0.0013454320142045617]","[0.5242873430252075, 0.665331244468689, 0.014156359247863293]","[0.46526312828063965, 0.6507766246795654, 0.007043787278234959]","[0.5153239965438843, 0.7675684690475464, 0.15185144543647766]","[0.46021074056625366, 0.7628923058509827, 0.13507595658302307]","[0.5104678273200989, 0.7754701972007751, 0.16032752394676208]","[0.4633830487728119, 0.7738111615180969, 0.14314502477645874]","[0.5213054418563843, 0.820469319820404, 0.07972105592489243]","[0.45319780707359314, 0.812136173248291, 0.06484131515026093]"
"[0.5133249163627625, 0.2636373043060303, -0.16066832840442657]","[0.5179694294929504, 0.25264984369277954, -0.14972425997257233]","[0.5210749506950378, 0.2533257305622101, -0.1497168093919754]","[0.5237854719161987, 0.25424429774284363, -0.14969637989997864]","[0.5093753337860107, 0.2518787682056427, -0.14611175656318665]","[0.5068268179893494, 0.25192493200302124, -0.1460658758878708]","[0.5045799016952515, 0.25228002667427063, -0.14599715173244476]","[0.5277870893478394, 0.2619878351688385, -0.08282782137393951]","[0.5026502013206482, 0.25902479887008667, -0.0665414109826088]","[0.5190483331680298, 0.28055238723754883, -0.13662230968475342]","[0.5085268020629883, 0.2787706255912781, -0.13218995928764343]","[0.5421244502067566, 0.34163355827331543, -0.08595370501279831]","[0.4853118062019348, 0.32968536019325256, -0.0706799104809761]","[0.5528808236122131, 0.34202197194099426, -0.283520370721817]","[0.4681847095489502, 0.3030782639980316, -0.25245046615600586]","[0.5746214389801025, 0.29816028475761414, -0.46941956877708435]","[0.4586450159549713, 0.2476051300764084, -0.43341436982154846]","[0.5895045399665833, 0.2774244248867035, -0.5112911462783813]","[0.4498322606086731, 0.22709503769874573, -0.4737038016319275]","[0.5855555534362793, 0.27353042364120483, -0.5121931433677673]","[0.4546676278114319, 0.22766871750354767, -0.4703370928764343]","[0.5783976316452026, 0.28110986948013306, -0.4774034023284912]","[0.45856231451034546, 0.23556146025657654, -0.44035881757736206]","[0.5197046399116516, 0.5359659194946289, 0.0016063688090071082]","[0.48246312141418457, 0.5255925059318542, -0.0017365145031362772]","[0.5237757563591003, 0.6647685766220093, 0.03182971850037575]","[0.4655504822731018, 0.6497862339019775, 0.006202262826263905]","[0.5155339241027832, 0.7678943872451782, 0.16420139372348785]","[0.4602133333683014, 0.7632179856300354, 0.12168361991643906]","[0.5106402635574341, 0.776317834854126, 0.171970933675766]","[0.4632921814918518, 0.7742413878440857, 0.1283988654613495]","[0.5215532183647156, 0.8207816481590271, 0.09007124602794647]","[0.4531468451023102, 0.812654972076416, 0.04756558686494827]"
"[0.5137337446212769, 0.2608458697795868, -0.15893298387527466]","[0.518347442150116, 0.2498655468225479, -0.14817453920841217]","[0.5213881731033325, 0.25008630752563477, -0.14816826581954956]","[0.5240710377693176, 0.25070199370384216, -0.14814652502536774]","[0.5096844434738159, 0.2500445246696472, -0.14469727873802185]","[0.507049024105072, 0.25016194581985474, -0.14465758204460144]","[0.504701554775238, 0.25046828389167786, -0.14459416270256042]","[0.5279103517532349, 0.25774648785591125, -0.08219531923532486]","[0.5027304887771606, 0.25562217831611633, -0.06607984006404877]","[0.5196205377578735, 0.27731284499168396, -0.1352076679468155]","[0.5091896653175354, 0.2760290503501892, -0.13061699271202087]","[0.5427952408790588, 0.3367372751235962, -0.08487255871295929]","[0.48548054695129395, 0.32580986618995667, -0.06842775642871857]","[0.552881121635437, 0.33708542585372925, -0.27252304553985596]","[0.4681026041507721, 0.3039068579673767, -0.2458387315273285]","[0.5746378302574158, 0.2877275347709656, -0.4547012746334076]","[0.4595824182033539, 0.23936423659324646, -0.41101256012916565]","[0.5893203020095825, 0.2674570083618164, -0.4948694109916687]","[0.45151472091674805, 0.21870571374893188, -0.44987422227859497]","[0.5854125022888184, 0.26332125067710876, -0.4949468970298767]","[0.4556187093257904, 0.21824823319911957, -0.44336748123168945]","[0.578414797782898, 0.2713179588317871, -0.4622006416320801]","[0.4590086042881012, 0.2251310795545578, -0.4164077639579773]","[0.5204378366470337, 0.5332645773887634, 0.000977404648438096]","[0.4828244745731354, 0.523137092590332, -0.0011112255742773414]","[0.5221936106681824, 0.6624484062194824, 0.03808005899190903]","[0.46574878692626953, 0.6488085985183716, 0.011581568978726864]","[0.5157924890518188, 0.7681922316551208, 0.164370596408844]","[0.4602224826812744, 0.7633216977119446, 0.12138328701257706]","[0.5109363794326782, 0.7772152423858643, 0.17177259922027588]","[0.46329265832901, 0.7745072245597839, 0.1275213062763214]","[0.52164626121521, 0.8209648132324219, 0.08915339410305023]","[0.45303553342819214, 0.813026487827301, 0.04666827246546745]"
"[0.5138424634933472, 0.2585020363330841, -0.15998709201812744]","[0.5183239579200745, 0.2478678971529007, -0.14869636297225952]","[0.521332859992981, 0.24801117181777954, -0.14869186282157898]","[0.5240451097488403, 0.24837924540042877, -0.1486697793006897]","[0.5097347497940063, 0.2480577528476715, -0.14557191729545593]","[0.5070792436599731, 0.24822229146957397, -0.1455405354499817]","[0.5047124028205872, 0.24853837490081787, -0.1454893946647644]","[0.5278826355934143, 0.2555750608444214, -0.08161104470491409]","[0.5027856230735779, 0.25501230359077454, -0.0662267655134201]","[0.5198997855186462, 0.27364689111709595, -0.13583260774612427]","[0.5095540881156921, 0.2734832465648651, -0.13147063553333282]","[0.5432620048522949, 0.3345523476600647, -0.08369673788547516]","[0.4858930706977844, 0.32408300042152405, -0.07082178443670273]","[0.553648829460144, 0.3247055411338806, -0.2739512324333191]","[0.46834811568260193, 0.29948192834854126, -0.2524295151233673]","[0.5729809403419495, 0.2797730565071106, -0.45384591817855835]","[0.46052855253219604, 0.23033955693244934, -0.4228547513484955]","[0.5864434838294983, 0.2611958682537079, -0.49387216567993164]","[0.452852338552475, 0.21073658764362335, -0.4627349376678467]","[0.5836475491523743, 0.25804421305656433, -0.4948759078979492]","[0.4563489556312561, 0.2096983790397644, -0.45824822783470154]","[0.576292097568512, 0.26591581106185913, -0.46174710988998413]","[0.45965132117271423, 0.21666422486305237, -0.4291449189186096]","[0.5205582976341248, 0.5309278964996338, 0.0008988925255835056]","[0.48291128873825073, 0.5212979912757874, -0.00103880581445992]","[0.5205858945846558, 0.6604477167129517, 0.035155896097421646]","[0.46651920676231384, 0.6485234498977661, 0.012689267285168171]","[0.5160390138626099, 0.7686472535133362, 0.16048625111579895]","[0.46023425459861755, 0.7636020183563232, 0.12070463597774506]","[0.5113275051116943, 0.7780773639678955, 0.16760313510894775]","[0.4632931649684906, 0.7749099731445312, 0.12650570273399353]","[0.5216478109359741, 0.8211274743080139, 0.08225613832473755]","[0.45278987288475037, 0.8136245608329773, 0.0432722307741642]"
"[0.5137755870819092, 0.25734955072402954, -0.1649017184972763]","[0.5182833671569824, 0.24661105871200562, -0.1527995467185974]","[0.521285891532898, 0.24684037268161774, -0.15279600024223328]","[0.523969829082489, 0.24729277193546295, -0.15277469158172607]","[0.5097079277038574, 0.24636223912239075, -0.14977099001407623]","[0.5070604681968689, 0.24650123715400696, -0.1497439742088318]","[0.5046722292900085, 0.24694211781024933, -0.14969725906848907]","[0.5277713537216187, 0.2541855573654175, -0.08258702605962753]","[0.5027496814727783, 0.2536850869655609, -0.06754465401172638]","[0.5198188424110413, 0.27171775698661804, -0.13976453244686127]","[0.5094598531723022, 0.2713439464569092, -0.13543036580085754]","[0.5432074069976807, 0.33233731985092163, -0.08471611142158508]","[0.4858472943305969, 0.32118579745292664, -0.07292641699314117]","[0.5536749958992004, 0.32300156354904175, -0.27855628728866577]","[0.4685179591178894, 0.2975884675979614, -0.2588754892349243]","[0.5709971785545349, 0.27454864978790283, -0.4595736861228943]","[0.46111392974853516, 0.22552217543125153, -0.43215885758399963]","[0.5822671055793762, 0.25882717967033386, -0.5006861686706543]","[0.4543953537940979, 0.20479963719844818, -0.47288814187049866]","[0.579344630241394, 0.25533536076545715, -0.5017845034599304]","[0.4576083719730377, 0.20354853570461273, -0.4677465558052063]","[0.5736487507820129, 0.26089680194854736, -0.46751904487609863]","[0.4606010317802429, 0.21107745170593262, -0.4382048547267914]","[0.5205630660057068, 0.5294229984283447, 0.0007336420239880681]","[0.482898473739624, 0.5200666785240173, -0.0008842250099405646]","[0.5195514559745789, 0.6595902442932129, 0.036265015602111816]","[0.4675857126712799, 0.6480039954185486, 0.01501687616109848]","[0.5162745714187622, 0.7688789367675781, 0.16243693232536316]","[0.46022534370422363, 0.7649726271629333, 0.12212927639484406]","[0.5116422772407532, 0.7785231471061707, 0.16961538791656494]","[0.4631635546684265, 0.7763006687164307, 0.12781381607055664]","[0.5216776132583618, 0.8215383887290955, 0.08177445828914642]","[0.4526824951171875, 0.8141496181488037, 0.042719706892967224]"
"[0.5137234926223755, 0.2563994824886322, -0.1636284440755844]","[0.5182573795318604, 0.24597257375717163, -0.15159626305103302]","[0.5212467908859253, 0.2459975779056549, -0.15159350633621216]","[0.5239508748054504, 0.2463679015636444, -0.1515728235244751]","[0.509671151638031, 0.24671801924705505, -0.1484973430633545]","[0.507030725479126, 0.24720562994480133, -0.14847175776958466]","[0.5046523213386536, 0.2478628009557724, -0.14842382073402405]","[0.527690052986145, 0.2536734342575073, -0.08216115832328796]","[0.5027858018875122, 0.2549835443496704, -0.06706035882234573]","[0.519855260848999, 0.27012255787849426, -0.13871702551841736]","[0.5094184279441833, 0.270356148481369, -0.13424557447433472]","[0.543563723564148, 0.3308519124984741, -0.08366350829601288]","[0.4861418306827545, 0.3215419352054596, -0.07213271409273148]","[0.5539244413375854, 0.31731367111206055, -0.27409207820892334]","[0.4688822627067566, 0.29716137051582336, -0.25223177671432495]","[0.5706291794776917, 0.26737990975379944, -0.45928412675857544]","[0.46213406324386597, 0.21818849444389343, -0.4249756336212158]","[0.5806546807289124, 0.2530864179134369, -0.5003594160079956]","[0.4557670056819916, 0.196584090590477, -0.4642200469970703]","[0.5775914192199707, 0.24956843256950378, -0.4996523857116699]","[0.45871710777282715, 0.19473513960838318, -0.4622762203216553]","[0.572830319404602, 0.25450599193573, -0.46643882989883423]","[0.4617258608341217, 0.20292824506759644, -0.432156503200531]","[0.5208874344825745, 0.527664840221405, 0.0002843859838321805]","[0.4831337034702301, 0.5181409120559692, -0.00044676553807221353]","[0.5190907716751099, 0.6585115790367126, 0.03302391618490219]","[0.4683127999305725, 0.6466748118400574, 0.011851182207465172]","[0.5164480209350586, 0.7689669132232666, 0.15620186924934387]","[0.4601079523563385, 0.766362190246582, 0.11521538347005844]","[0.5119901895523071, 0.7786216735839844, 0.16325628757476807]","[0.46276894211769104, 0.7772499918937683, 0.12052984535694122]","[0.5216907262802124, 0.8218600749969482, 0.07783745974302292]","[0.45253023505210876, 0.8144060969352722, 0.03541789948940277]"
"[0.5137063264846802, 0.2564312517642975, -0.16250911355018616]","[0.5181359052658081, 0.2462819218635559, -0.15076230466365814]","[0.5211507081985474, 0.24626797437667847, -0.1507602334022522]","[0.523930549621582, 0.2466016411781311, -0.15073981881141663]","[0.5096209645271301, 0.2473822981119156, -0.147612065076828]","[0.5069787502288818, 0.24801424145698547, -0.14758555591106415]","[0.5046243667602539, 0.24876537919044495, -0.14753633737564087]","[0.5276350378990173, 0.25419098138809204, -0.08057262748479843]","[0.5028180480003357, 0.2560915946960449, -0.06681414693593979]","[0.5198981165885925, 0.2703501284122467, -0.13777433335781097]","[0.5093718767166138, 0.27079594135284424, -0.13341198861598969]","[0.5439344644546509, 0.3303731381893158, -0.08213362097740173]","[0.48624902963638306, 0.32101431488990784, -0.07188782840967178]","[0.5566277503967285, 0.2994072139263153, -0.2650712728500366]","[0.4687846601009369, 0.29535797238349915, -0.2505640983581543]","[0.570763111114502, 0.261547714471817, -0.4321676194667816]","[0.4625949263572693, 0.2156856805086136, -0.4176511764526367]","[0.5809460878372192, 0.2500096261501312, -0.47052282094955444]","[0.45679765939712524, 0.19388604164123535, -0.4575079381465912]","[0.5775513052940369, 0.24745355546474457, -0.47011932730674744]","[0.45992010831832886, 0.19220443069934845, -0.4493795335292816]","[0.5728883147239685, 0.2522561848163605, -0.4393821358680725]","[0.46265873312950134, 0.20020760595798492, -0.42188024520874023]","[0.520897388458252, 0.5277368426322937, 0.0002179154398618266]","[0.4831211566925049, 0.5178815126419067, -0.0003837565891444683]","[0.5189574956893921, 0.6580572128295898, 0.03173843026161194]","[0.46845847368240356, 0.6460269689559937, 0.014636454172432423]","[0.5164974331855774, 0.7690409421920776, 0.1528950333595276]","[0.4600171148777008, 0.7665010094642639, 0.11939232051372528]","[0.5120915174484253, 0.778747022151947, 0.159893199801445]","[0.4624972343444824, 0.7776627540588379, 0.1246204599738121]","[0.5216885805130005, 0.8219788670539856, 0.07520954310894012]","[0.45217806100845337, 0.8144021034240723, 0.038395266979932785]"
"[0.5135217905044556, 0.2561996877193451, -0.16304899752140045]","[0.5180376768112183, 0.24603694677352905, -0.15069623291492462]","[0.5210789442062378, 0.24613969027996063, -0.1506902575492859]","[0.5239101648330688, 0.24656522274017334, -0.15066660940647125]","[0.5095452070236206, 0.24673356115818024, -0.1475183367729187]","[0.5069038271903992, 0.24718551337718964, -0.14749659597873688]","[0.5045892000198364, 0.24768230319023132, -0.14744962751865387]","[0.5275918245315552, 0.25392580032348633, -0.08046688139438629]","[0.5028393268585205, 0.2545686364173889, -0.06612415611743927]","[0.519866406917572, 0.27042287588119507, -0.1380823850631714]","[0.5092321634292603, 0.2700197100639343, -0.13355141878128052]","[0.5441502332687378, 0.3296316862106323, -0.0814976915717125]","[0.48621201515197754, 0.3197654187679291, -0.07178924977779388]","[0.5564308762550354, 0.30680152773857117, -0.26005232334136963]","[0.4680485725402832, 0.2922934293746948, -0.2492995709180832]","[0.570675253868103, 0.26156914234161377, -0.42560839653015137]","[0.4625229239463806, 0.21427707374095917, -0.40673089027404785]","[0.5810897946357727, 0.24924057722091675, -0.4638771116733551]","[0.45737510919570923, 0.1919289231300354, -0.4469289183616638]","[0.5778931975364685, 0.2469167560338974, -0.4645102620124817]","[0.46069836616516113, 0.18982654809951782, -0.43771108984947205]","[0.5731174945831299, 0.2523689866065979, -0.4330478608608246]","[0.463237464427948, 0.19803570210933685, -0.41036391258239746]","[0.5208650231361389, 0.5276246070861816, 0.00021077776909805834]","[0.4830571115016937, 0.5178326368331909, -0.0003768850874621421]","[0.5189818739891052, 0.6584462523460388, 0.028246859088540077]","[0.4684392511844635, 0.6462857723236084, 0.016715405508875847]","[0.516560435295105, 0.7690855264663696, 0.15144243836402893]","[0.45989537239074707, 0.7666459083557129, 0.1266779601573944]","[0.5121856331825256, 0.7787586450576782, 0.1584603190422058]","[0.46234041452407837, 0.7777982950210571, 0.13244350254535675]","[0.521692156791687, 0.8221397995948792, 0.07199152559041977]","[0.45186105370521545, 0.8144418597221375, 0.04552764073014259]"
"[0.5131925940513611, 0.2575778365135193, -0.16312161087989807]","[0.517716109752655, 0.24709266424179077, -0.1505541205406189]","[0.5207507610321045, 0.24720899760723114, -0.15054704248905182]","[0.5236260890960693, 0.24760702252388, -0.15052196383476257]","[0.5093408823013306, 0.2479030340909958, -0.14731651544570923]","[0.5067567229270935, 0.24845072627067566, -0.14729709923267365]","[0.5044832825660706, 0.24911826848983765, -0.1472509503364563]","[0.5275783538818359, 0.25469303131103516, -0.08026886731386185]","[0.5029778480529785, 0.2554912865161896, -0.0645759329199791]","[0.5198056101799011, 0.2711843252182007, -0.13795587420463562]","[0.5091255903244019, 0.2707318663597107, -0.13332608342170715]","[0.5441058278083801, 0.33047911524772644, -0.08032393455505371]","[0.48624929785728455, 0.32019859552383423, -0.06943818181753159]","[0.5567477941513062, 0.3021049201488495, -0.2554353177547455]","[0.4681146740913391, 0.28936436772346497, -0.24235279858112335]","[0.5704610347747803, 0.2599557340145111, -0.4174092411994934]","[0.4627601206302643, 0.21498239040374756, -0.3996242880821228]","[0.580639660358429, 0.24798773229122162, -0.45519202947616577]","[0.4574664533138275, 0.19288860261440277, -0.43973979353904724]","[0.578130841255188, 0.24517908692359924, -0.45610737800598145]","[0.4606972634792328, 0.19113916158676147, -0.4314604699611664]","[0.5721915364265442, 0.2510879635810852, -0.4247709810733795]","[0.4633580148220062, 0.19944368302822113, -0.40373674035072327]","[0.5206430554389954, 0.5275587439537048, 0.0001384218194289133]","[0.48286038637161255, 0.5178987979888916, -0.00030359887750819325]","[0.5189593434333801, 0.6584926843643188, 0.025353197008371353]","[0.468397319316864, 0.6464343667030334, 0.015155595727264881]","[0.516578733921051, 0.769140899181366, 0.15137618780136108]","[0.45973849296569824, 0.7667387127876282, 0.12498174607753754]","[0.5122265815734863, 0.7788243889808655, 0.15731078386306763]","[0.46212607622146606, 0.7778304219245911, 0.1306997537612915]","[0.5216930508613586, 0.8222731947898865, 0.06382544338703156]","[0.45166343450546265, 0.8145638108253479, 0.042902011424303055]"
"[0.5126886963844299, 0.25928571820259094, -0.16270948946475983]","[0.5173712968826294, 0.24834516644477844, -0.150333970785141]","[0.5204375982284546, 0.2484721690416336, -0.15032704174518585]","[0.5233570337295532, 0.24892424046993256, -0.15030258893966675]","[0.5089314579963684, 0.24909546971321106, -0.1471792757511139]","[0.5064046382904053, 0.2496158629655838, -0.14715620875358582]","[0.5041998028755188, 0.2502674162387848, -0.14710856974124908]","[0.527549684047699, 0.25564542412757874, -0.07983729988336563]","[0.5029816627502441, 0.25595536828041077, -0.063482366502285]","[0.5194928646087646, 0.2730145752429962, -0.13775500655174255]","[0.508577287197113, 0.2722184658050537, -0.13329342007637024]","[0.5440467000007629, 0.330963134765625, -0.07794307917356491]","[0.4862302839756012, 0.3211224675178528, -0.0658171996474266]","[0.5571695566177368, 0.2974632680416107, -0.2504413425922394]","[0.46716827154159546, 0.29075443744659424, -0.23133838176727295]","[0.5691477060317993, 0.2577662765979767, -0.4119739532470703]","[0.4625917375087738, 0.21728765964508057, -0.387500137090683]","[0.5791007280349731, 0.24702602624893188, -0.4492301940917969]","[0.4566989541053772, 0.19545771181583405, -0.426910936832428]","[0.574683666229248, 0.24563953280448914, -0.4494001865386963]","[0.46004247665405273, 0.1936844289302826, -0.41914114356040955]","[0.5691608786582947, 0.2507094144821167, -0.41897279024124146]","[0.46290016174316406, 0.20220565795898438, -0.39155715703964233]","[0.5201481580734253, 0.527440071105957, 7.959876711538527e-06]","[0.4826745092868805, 0.5180628895759583, -0.0001733084354782477]","[0.518876850605011, 0.6579469442367554, 0.026672616600990295]","[0.46835699677467346, 0.646514356136322, 0.013321762904524803]","[0.5165894627571106, 0.7691276669502258, 0.15052780508995056]","[0.45960813760757446, 0.766722559928894, 0.11984392255544662]","[0.512237012386322, 0.778800368309021, 0.15691524744033813]","[0.46197134256362915, 0.7778171896934509, 0.12552425265312195]","[0.5217351913452148, 0.8223308324813843, 0.06425954401493073]","[0.45154231786727905, 0.8146020770072937, 0.03984064236283302]"
"[0.5122475028038025, 0.25975295901298523, -0.16247300803661346]","[0.5170055627822876, 0.24877029657363892, -0.1501276195049286]","[0.5201107263565063, 0.24893319606781006, -0.1501210331916809]","[0.5230790376663208, 0.24942205846309662, -0.15009674429893494]","[0.5084351301193237, 0.2493087202310562, -0.14713667333126068]","[0.5059391260147095, 0.24972710013389587, -0.14711704850196838]","[0.5037528872489929, 0.2502758800983429, -0.14706961810588837]","[0.5275200009346008, 0.25621217489242554, -0.07987403869628906]","[0.5029729604721069, 0.25601625442504883, -0.06271480768918991]","[0.5190167427062988, 0.2735339403152466, -0.1375228613615036]","[0.5080406665802002, 0.27243536710739136, -0.13310182094573975]","[0.5440015196800232, 0.33148306608200073, -0.0779462456703186]","[0.48629626631736755, 0.32223784923553467, -0.06363685429096222]","[0.5592321753501892, 0.28474679589271545, -0.2528189718723297]","[0.4593573212623596, 0.2873215079307556, -0.2298637181520462]","[0.5674723982810974, 0.2569354474544525, -0.4173864424228668]","[0.461777925491333, 0.22071506083011627, -0.38989949226379395]","[0.5772450566291809, 0.2478010654449463, -0.4547709822654724]","[0.45603734254837036, 0.1985853761434555, -0.4292699694633484]","[0.571949303150177, 0.24723663926124573, -0.4542752206325531]","[0.45998841524124146, 0.19748030602931976, -0.4217110574245453]","[0.5670715570449829, 0.2515644431114197, -0.42419949173927307]","[0.4626142084598541, 0.20606401562690735, -0.3941003978252411]","[0.5197410583496094, 0.5274945497512817, -0.0001385290815960616]","[0.4825260639190674, 0.5182361006736755, -3.1563577067572623e-05]","[0.5187357664108276, 0.6578505039215088, 0.029191050678491592]","[0.4683400094509125, 0.6465761065483093, 0.0140882832929492]","[0.5166222453117371, 0.769138514995575, 0.15104898810386658]","[0.45948466658592224, 0.7667738199234009, 0.11906999349594116]","[0.5122498869895935, 0.7788058519363403, 0.15754464268684387]","[0.4618578851222992, 0.7778589129447937, 0.12450593709945679]","[0.521869421005249, 0.8224238753318787, 0.06496069580316544]","[0.4514443874359131, 0.8147059082984924, 0.038160961121320724]"
